rating|progress|edition_id|year|pages|title|author|publisher|status|finished_at|cover_filename|slug|book_id
4.5|100.0|774199|2018|208|Auto da Compadecida|Ariano Suassuna|Nova Fronteira|read|2026-07-30T02:32:39.088Z|https://skoob.s3.amazonaws.com/livros/1233/AUTO_DA_COMPADECIDA_15233185501233SK1523318551B.jpg|auto-da-compadecida-1233ed774199.html|1233
3.5|100.0|506715|2015|176|Você Sabe Estudar?|Claudio de Moura Castro|Penso|read|2026-07-22T03:33:02.610Z|https://skoob.s3.amazonaws.com/livros/447224/VOCE_SABE_ESTUDAR_1430277033447224SK1430277033B.jpg|voce-sabe-estudar-447224ed506715.html|447224
||122594907|2025|412|Como ler livros|Mortimer J. Adler, Charles Van Doren|Kírion|want_to_read||https://skoob.s3.amazonaws.com/livros/122592445/COMO_LER_LIVROS_1754094907122592445SK-V11754094907B.jpg|como-ler-livros-122592445ed122594907.html|122592445
||12149420|2022|400|Modus Operandi|Mabê|Intrínseca|want_to_read||https://skoob.s3.amazonaws.com/livros/12167275/MODUS_OPERANDI_165307037912167275SK-V11653070379B.jpg|modus-operandi-12167275ed12149420.html|12167275
||122609004|2025|232|Na cena do crime - por trás da fita amarela|Ricardo Salada|Principis|want_to_read||https://skoob.s3.amazonaws.com/livros/122605429/eb64081a629d0e43c62575e24d91595a.jpg|na-cena-do-crime-por-tras-da-fita-amarela-122605429ed122609004.html|122605429
4.5|100.0|122662256|2026|352|A Figura|Natalia Grecco|Maquinaria Editorial|read|2026-06-21T12:52:37.581Z|https://skoob.s3.amazonaws.com/livros/122659506/a8a04c298e1ac43d4f477ade2f402651.jpg|a-figura-122659506ed122662256.html|122659506
3.5|100.0|122439164|2024|208|Uma noite na livraria Morisaki|Satoshi Yagisawa|Bertrand Brasil|read|2026-06-18T12:45:32.061Z|https://skoob.s3.amazonaws.com/livros/122435179/UMA_NOITE_NA_LIVRARIA_MORISAKI_1711490408122435179SK-V11711490409B.jpg|uma-noite-na-livraria-morisaki-122435179ed122439164.html|122435179
||384856|2013|126|O velho e o mar|Ernest Hemingway|Bertrand Brasil|want_to_read||https://skoob.s3.amazonaws.com/livros/1434/O_VELHO_E_O_MAR_1378265189B.jpg|o-velho-e-o-mar-1434ed384856.html|1434
3.5|100.0|122662654|2026|304|A Ex|Freida McFadden|Editora Arqueiro|read|2026-06-12T22:08:12.267Z|https://skoob.s3.amazonaws.com/livros/122659893/65009c6d140f8b671301146622e185a0.png|a-ex-122659893ed122662654.html|122659893
||11918219|2021|240|Livros de Sangue: Volume 2 (Livros de Sangue #2)|Clive Barker|DarkSide Books|want_to_read||https://skoob.s3.amazonaws.com/livros/11923097/LIVROS_DE_SANGUE_2_162413091111923097SK-V11624130913B.jpg|livros-de-sangue-volume-2-livros-de-sangue-2-11923097ed11918219.html|11923097
||11664965|2020|240|Livros de Sangue: Volume 1 (Livros de Sangue #1)|Clive Barker|DarkSide Books|want_to_read||https://skoob.s3.amazonaws.com/livros/2567/LIVROS_DE_SANGUE_16013994882567SK1601399489B.jpg|livros-de-sangue-volume-1-livros-de-sangue-1-2567ed11664965.html|2567
||711339|2017|320|Stephen King - A Biografia: Coração Assombrado|Stephen King|DarkSide® Books|want_to_read||https://skoob.s3.amazonaws.com/livros/322160/STEPHEN_KING__A_BIOGRAFIA_CO_1504270636322160SK1504270636B.jpg|stephen-king-a-biografia-coracao-assombrado-322160ed711339.html|322160
||860070|2019|256|O Mundo de Lore - Criaturas Estranhas (O Mundo de Lore #1)|Aaron Mahnke|DarkSide Books|want_to_read||https://skoob.s3.amazonaws.com/livros/854271/6b7f870c66271e97299d8ac1cda3bafbB.jpg|o-mundo-de-lore-criaturas-estranhas-o-mundo-de-lore-1-854271ed860070.html|854271
||688434|2017|512|Noturno|Scott Sigler|DarkSide® Books|want_to_read||https://skoob.s3.amazonaws.com/livros/685907/NOTURNO_1496675770685907SK1496675771B.jpg|noturno-685907ed688434.html|685907
||946941|2019|416|BTK Profile: Máscara da Maldade|Roy Wenzl, Tim Potter, Hurst Laviana, Laura L. Kelly|Darkside Books|want_to_read||https://skoob.s3.amazonaws.com/livros/939680/BTK_PROFILE_MSCARA_DA_MALDAD_1565785639939680SK1565785640B.jpg|btk-profile-mascara-da-maldade-939680ed946941.html|939680
||500589|2015|420|Prince of Fools (A Guerra da Rainha Vermelha #1)|Mark Lawrence|DarkSide® Books|want_to_read||https://skoob.s3.amazonaws.com/livros/441799/PRINCE_OF_FOOLS_1449019368524943SK1449019368B.jpg|prince-of-fools-a-guerra-da-rainha-vermelha-1-441799ed500589.html|441799
||560395|2013|320|O Circo Mecânico Tresaulti|Genevieve Valentine|DarkSide® Books|want_to_read||https://skoob.s3.amazonaws.com/livros/333339/O_CIRCO_MECANICO_TRESAULTI_1453828294333339SK1453828294B.jpg|o-circo-mecanico-tresaulti-333339ed560395.html|333339
||646453|2017|384|Edgar Allan Poe (Medo Clássico #1)|Edgar Allan Poe|DarkSide® Books|want_to_read||https://skoob.s3.amazonaws.com/livros/644553/EDGAR_ALLAN_POE_MEDO_CLASSICO_1484336095644553SK1484336095B.jpg|edgar-allan-poe-medo-classico-1-644553ed646453.html|644553
||239920|2012|208|A Mulher de Preto|Susan Hill|Record|want_to_read||https://skoob.s3.amazonaws.com/livros/214401/A_MULHER_DE_PRETO_1326907191B.jpg|a-mulher-de-preto-214401ed239920.html|214401
||12217922|2022|272|Quando os Adams Saíram de Férias|Mendal W. Johnson|DarkSide® Books|want_to_read||https://skoob.s3.amazonaws.com/livros/12236471/QUANDO_OS_ADAMS_SAIRAM_DE_FERI_166342726412236471SK-V11663427264B.jpg|quando-os-adams-sairam-de-ferias-12236471ed12217922.html|12236471
||11945507|2021|400|Crimes Vitorianos Macabros (Macabra #1)|Neil Bell, Trevor Bond, Kate Clarke, M.W Oldridge|Darkside|want_to_read||https://skoob.s3.amazonaws.com/livros/11952824/CRIMES_VITORIANOS_MACABROS_162558883911952824SK-V11625588840B.jpg|crimes-vitorianos-macabros-macabra-1-11952824ed11945507.html|11952824
||11903346|2021|288|O Jardim Secreto (Fábulas Dark #1)|Frances Hodgson Burnett|DarkSide®Books|want_to_read||https://skoob.s3.amazonaws.com/livros/11907381/O_JARDIM_SECRETO_162094548211907381SK-V11620945483B.jpg|o-jardim-secreto-fabulas-dark-1-11907381ed11903346.html|11907381
||874706|2019|320|Pequenas Realidades|Tabitha King|DarkSide® Books|want_to_read||https://skoob.s3.amazonaws.com/livros/868958/PEQUENAS_REALIDADES_1555358794868958SK1555358795B.jpg|pequenas-realidades-868958ed874706.html|868958
||498650|2015|280|Tubarão|Peter Benchley|DarkSide® Books|want_to_read||https://skoob.s3.amazonaws.com/livros/11212/TUBARO_3204339065B.jpg|tubarao-11212ed498650.html|11212
||11882040|2021|352|Sabor amargo (DarkSide #1)|James Hannaham|DarkSide®Books|want_to_read||https://skoob.s3.amazonaws.com/livros/11884879/SABOR_AMARGO_164670076611884879SK-V11646700767B.jpg|sabor-amargo-darkside-1-11884879ed11882040.html|11884879
||784936|2018|320|O Diário de Myriam|Myriam Rawick|DarkSide Books|want_to_read||https://skoob.s3.amazonaws.com/livros/780199/O_DIARIO_DE_MYRIAM_1529439039780199SK1529439039B.jpg|o-diario-de-myriam-780199ed784936.html|780199
||889383|2019|464|Medo Imortal (Medo Clássico)|Machado de Assis|DarkSide Books|want_to_read||https://skoob.s3.amazonaws.com/livros/883027/MEDO_IMORTAL_1559586019883027SK1559586020B.jpg|medo-imortal-medo-classico-883027ed889383.html|883027
||122353363|2023|128|Azul Quase Transparente (DarkSide #1)|Ryu Murakami|DarkSide® Books|want_to_read||https://skoob.s3.amazonaws.com/livros/122347103/AZUL_QUASE_TRANSPARENTE_1691001158122347103SK-V11691001159B.jpg|azul-quase-transparente-darkside-1-122347103ed122353363.html|122347103
||11625653|2020|304|O mal nosso de cada dia| Donald Ray Pollock |DarkSide|want_to_read||https://skoob.s3.amazonaws.com/livros/1266831/O_MAL_NOSSO_DE_CADA_DIA_15953539921266831SK1595353993B.jpg|o-mal-nosso-de-cada-dia-1266831ed11625653.html|1266831
||11945517|2021|352|Mindhunter Profile 2:Mundo Serial Killers (Crime Scene #2)|Robert K., Ressler Shachtman, Tom Shachtman|DarkSide®Books|want_to_read||https://skoob.s3.amazonaws.com/livros/11952834/MINDHUNTER_PROFILE_2MUNDO_SER_163633797311952834SK-V11636337975B.jpg|mindhunter-profile-2mundo-serial-killers-crime-scene-2-11952834ed11945517.html|11952834
||11665400|2020|416|Mindhunter Profile: Serial Killers (Crime Scene®)|Robert K. Ressler, Tom Schachtman|DarkSide Books|want_to_read||https://skoob.s3.amazonaws.com/livros/11648096/MINDHUNTER_PROFLE_SERIAL_KILL_160148093011648096SK1601480930B.jpg|mindhunter-profile-serial-killers-crime-scene-11648096ed11665400.html|11648096
||715891|2018|512|Superinteligência (Crânio)|Nick Bostrom|DarkSide® Books|want_to_read||https://skoob.s3.amazonaws.com/livros/714332/SUPERINTELIGENCIA_CAMINHOSN_P_1537690260714332SK1537690260B.jpg|superinteligencia-cranio-714332ed715891.html|714332
||12144165|2022|176|Ring Shout|P. Djèlí Clark|DarkSide® Books|want_to_read||https://skoob.s3.amazonaws.com/livros/12162001/RING_SHOUT_GRITO_DE_LIBERDADE_169298928912162001SK-V11692989290B.jpg|ring-shout-12162001ed12144165.html|12162001
||1089012|2020|384|Vitorianas macabras|Charlotte Brontë|DarkSide Books|want_to_read||https://skoob.s3.amazonaws.com/livros/1086115/VITORIANAS_MACABRAS_15797851801086115SK1579785180B.jpg|vitorianas-macabras-1086115ed1089012.html|1086115
||122641785|2026|308|Os Nomes|Florence Knapp|Record|want_to_read||https://skoob.s3.amazonaws.com/livros/122612479/9af769039cc5a5b36b809ea2e7a69b7e.jpg|os-nomes-122612479ed122641785.html|122612479
||122547376|2025|224|A Casa da Noite|Jo Nesbo|Record|want_to_read||https://skoob.s3.amazonaws.com/livros/122557362/A_CASA_DA_NOITE_816676341B.jpg|a-casa-da-noite-122557362ed122547376.html|122557362
4.5|100.0|557675|2016|368|Guerra do Velho|John Scalzi|Aleph|read|2026-05-26T02:56:35.380Z|https://skoob.s3.amazonaws.com/livros/547701/GUERRA_DO_VELHO_1458756576547701SK1458756576B.jpg|guerra-do-velho-547701ed557675.html|547701
1.5|100.0|765930|2018|352|Quebrando o Hábito de Ser Você Mesmo|Joe Dispenza|Citadel Grupo Editorial|read|2026-06-04T00:58:19.641Z|https://skoob.s3.amazonaws.com/livros/567915/QUEBRANDO_O_HABITO_DE_SER_VOCE_1520287265567915SK1520287265B.jpg|quebrando-o-habito-de-ser-voce-mesmo-567915ed765930.html|567915
||40631|2009|264|O andar do bêbado|Leonard Mlodinow|Zahar|want_to_read||https://skoob.s3.amazonaws.com/livros/37134/O_ANDAR_DO_BEBADO_142236016637134SK1422360166B.jpg|o-andar-do-bebado-37134ed40631.html|37134
||122435040|2019|412|Iludidos Pelo Acaso|Nassim Nicholas Taleb|Objetiva|want_to_read||https://skoob.s3.amazonaws.com/livros/1004635/ILUDIDOS_PELO_ACASO_17104661971004635SK-V11710466199B.jpg|iludidos-pelo-acaso-1004635ed122435040.html|1004635
||11843806|2012|641|Rápido e devagar: Duas formas de pensar|Daniel Kahneman|Objetiva|want_to_read||https://skoob.s3.amazonaws.com/livros/686726/RAPIDO_E_DEVAGAR_DUAS_FORMAS__1615833798686726SK-V11615833800B.jpg|rapido-e-devagar-duas-formas-de-pensar-686726ed11843806.html|686726
||12041602|2021|425|Pense de novo (eBook)|Adam Grant|Sextante|want_to_read||https://skoob.s3.amazonaws.com/livros/11995990/PENSE_DE_NOVO_3821221795B.jpg|pense-de-novo-ebook-11995990ed12041602.html|11995990
||122246486|2022|288|Pensar em apostas|Annie Duke|Alta Books|want_to_read||https://skoob.s3.amazonaws.com/livros/122240294/PENSAR_EM_APOSTAS_1670611398122240294SK-V11670611399B.jpg|pensar-em-apostas-122240294ed122246486.html|122240294
||106435|2012|320|O Dilema da inovação|Clayton M Christensen|M.Books|want_to_read||https://skoob.s3.amazonaws.com/livros/96192/O_DILEMA_DA_INOVACAO_1352400920B.jpg|o-dilema-da-inovacao-96192ed106435.html|96192
||563382|2016|352|Superprevisões|Philip E. Tetlock, Dan Gardner|Objetiva|want_to_read||https://skoob.s3.amazonaws.com/livros/561605/SUPERPREVISOES_1455760847561605SK1455760847B.jpg|superprevisoes-561605ed563382.html|561605
||12199306|2022|288|Bom demais para ser ignorado|Cal Newport|Alta Books|want_to_read||https://skoob.s3.amazonaws.com/livros/12218197/BOM_DEMAIS_PARA_SER_IGNORADO_165971157412218197SK-V11659711575B.jpg|bom-demais-para-ser-ignorado-12218197ed12199306.html|12218197
||952508|2019|320|Hábitos Atômicos|James Clear|Alta Life|want_to_read||https://skoob.s3.amazonaws.com/livros/944986/1d4442e4b606a7d62e1d51d718ba73bdB.jpg|habitos-atomicos-944986ed952508.html|944986
||599439|2016|336|Garra|Angela Duckworth|Intrínseca|want_to_read||https://skoob.s3.amazonaws.com/livros/597884/GARRA_1468877163597884SK1468877163B.jpg|garra-597884ed599439.html|597884
||122586121|2025|336|Casas estranhas 2 (Casas Estranhas #2)|Uketsu|Intrínseca|want_to_read||https://skoob.s3.amazonaws.com/livros/122584416/O_MISTERIO_DAS_ONZE_PLANTAS_BA_1751118745122584416SK-V11751118745B.jpg|casas-estranhas-2-casas-estranhas-2-122584416ed122586121.html|122584416
||689966|2017|1595|A Revolta de Atlas|Ayn Rand|Arqueiro|want_to_read||https://skoob.s3.amazonaws.com/livros/132744/A_REVOLTA_DE_ATLAS_1497295943132744SK1497295944B.jpg|a-revolta-de-atlas-132744ed689966.html|132744
||338014|2013|720|Ilíada|Frederico Lourenço|Penguin-Companhia das Letras|want_to_read||https://skoob.s3.amazonaws.com/livros/1825/ILIADA_17571266801825SK-V11757126682B.jpg|iliada-1825ed338014.html|1825
||216407|2011|576|Odisseia|Homero|Companhia das Letras|want_to_read||https://skoob.s3.amazonaws.com/livros/749/ODISSEIA_1757126601749SK-V11757126605B.jpg|odisseia-749ed216407.html|749
||122264972|2022|446|A casa dos espíritos|Isabel Allende|Bertrand Brasil|want_to_read||https://skoob.s3.amazonaws.com/livros/896/A_CASA_DOS_ESPIRITOS_1674397217896SK-V11674397218B.jpg|a-casa-dos-espiritos-896ed122264972.html|896
||740815|2017|368|É assim que acaba (É Assim Que Acaba #1)|Colleen Hoover|Galera Record|want_to_read||https://skoob.s3.amazonaws.com/livros/738219/_ASSIM_QUE_ACABA_1513368780738219SK1513368780B.jpg|e-assim-que-acaba-e-assim-que-acaba-1-738219ed740815.html|738219
||122602929|2025|352|Grupo de Apoio a Serial Killers|Saratoga Schaefer|Mood|want_to_read||https://skoob.s3.amazonaws.com/livros/122599820/GRUPO_DE_APOIO_A_SERIAL_KILLER_1756724972122599820SK-V11756724974B.jpg|grupo-de-apoio-a-serial-killers-122599820ed122602929.html|122599820
4.0|100.0|122581416|2025|368|No meio da noite|Riley Sager|Intrínseca|read|2026-05-14T01:43:22.212Z|https://skoob.s3.amazonaws.com/livros/122580184/NO_MEIO_DA_NOITE_1749520135122580184SK-V11749520136B.jpg|no-meio-da-noite-122580184ed122581416.html|122580184
||12124040|2022|384|Morte No Internato|Lucinda Riley|Arqueiro|want_to_read||https://skoob.s3.amazonaws.com/livros/12140697/MORTE_NO_INTERNATO_164941812812140697SK-V11649418129B.jpg|morte-no-internato-12140697ed12124040.html|12140697
||612280|2016|336|A Garota no Gelo (Detetive Erika Foster #1)|Robert Bryndza|Gutenberg|want_to_read||https://skoob.s3.amazonaws.com/livros/611870/A_GAROTA_NO_GELO_1661873533611870SK-V11661873534B.jpg|a-garota-no-gelo-detetive-erika-foster-1-611870ed612280.html|611870
4.5|100.0|122587379|2025|320|Nós já moramos aqui|Marcus Kliewer|Intrínseca|read|2026-05-01T22:03:29.470Z|https://skoob.s3.amazonaws.com/livros/122454177/NOS_JA_MORAMOS_AQUI_1751496754122454177SK-V11751496755B.jpg|nos-ja-moramos-aqui-122454177ed122587379.html|122454177
3.5|100.0|680842|2017|144|Assim na terra como embaixo da terra|Ana Paula Maia|Record|read|2026-04-20T04:06:48.025Z|https://skoob.s3.amazonaws.com/livros/678629/ASSIM_NA_TERRA_COMO_EMBAIXO_DA_1494341978678629SK1494341979B.jpg|assim-na-terra-como-embaixo-da-terra-678629ed680842.html|678629
||122510798|2024|288|Como sobreviver a um filme de terror|Scarlett Dunmore|Mood|want_to_read||https://skoob.s3.amazonaws.com/livros/122509984/COMO_SOBREVIVER_A_UM_FILME_DE__1728076865122509984SK-V11728076865B.jpg|como-sobreviver-a-um-filme-de-terror-122509984ed122510798.html|122509984
4.5|100.0|122610226|2025|92|A vida de Chuck|Stephen King|Suma|read|2026-04-19T03:00:00.000Z|https://skoob.s3.amazonaws.com/livros/122606665/210eeac549b9cc23d54b2635e19e0013.jpg|a-vida-de-chuck-122606665ed122610226.html|122606665
||122448118|2025|400|Katabasis|R.F. Kuang|HarperVoyager|want_to_read||https://skoob.s3.amazonaws.com/livros/122442868/KATABASIS_1738777025122442868SK-V11738777025B.jpg|katabasis-122442868ed122448118.html|122442868
4.0|100.0|122475307|2024|336|A casa dos sonhos|Claire Douglas|Trama|read|2026-04-14T03:40:50.522Z|https://skoob.s3.amazonaws.com/livros/122473043/A_CASA_DOS_SONHOS_1720636032122473043SK-V11720636033B.jpg|a-casa-dos-sonhos-122473043ed122475307.html|122473043
4.0|100.0|1110468|2020|240|Assassinato no Expresso do Oriente|Agatha Christie|HarperCollins Brasil|read|2026-03-29T19:13:55.456Z|https://skoob.s3.amazonaws.com/livros/1043/ASSASSINATO_NO_EXPRESSO_DO_ORI_15812121671043SK1581212171B.jpg|assassinato-no-expresso-do-oriente-1043ed1110468.html|1043
|31.0|122526052|2024|516|O caso Altamira|Ivan Mizanzuk|HarperCollins Brasil|reading||https://skoob.s3.amazonaws.com/livros/122524093/O_CASO_ALTAMIRA_1732452639122524093SK-V11732452640B.jpg|o-caso-altamira-122524093ed122526052.html|122524093
||439488|2014|384|O Rei Demônio (Os Sete Reinos #1)|Cinda Williams Chima|Suma de Letras|want_to_read||https://skoob.s3.amazonaws.com/livros/388275/O_REI_DEMONIO_1399408723B.jpg|o-rei-demonio-os-sete-reinos-1-388275ed439488.html|388275
4.5|100.0|5516|2013|336|2001 (Uma Odisseia no Espaço #1)|Arthur C. Clarke|Aleph|read|2026-04-26T13:08:03.662Z|https://skoob.s3.amazonaws.com/livros/4457/2001_UMA_ODISSEIA_NO_ESPACO_15252276204457SK1525227623B.jpg|2001-uma-odisseia-no-espaco-1-4457ed5516.html|4457
||972845|2019|320|O fim da infância|Arthur C. Clarke|Aleph|want_to_read||https://skoob.s3.amazonaws.com/livros/3589/O_FIM_DA_INFANCIA_16415847413589SK-V11641584742B.jpg|o-fim-da-infancia-3589ed972845.html|3589
||11059|2007|240|Crash|J. G. Ballard|Companhia das Letras|want_to_read||https://skoob.s3.amazonaws.com/livros/9787/CRASH_1232686393B.jpg|crash-9787ed11059.html|9787
||156467|2000|248|Desonra|J.M. Coetzee|Companhia das Letras|want_to_read||https://skoob.s3.amazonaws.com/livros/2698/DESONRA_15984564442698SK1598456445B.jpg|desonra-2698ed156467.html|2698
||11776295|2021|592|Os Inovadores|WALTER ISAACSON|Intrínseca|want_to_read||https://skoob.s3.amazonaws.com/livros/413706/OS_INOVADORES_3092915427B.jpg|os-inovadores-413706ed11776295.html|413706
||124846|2010|432|Como Ler Livros|Mortimer J. Adler|É Realizações|want_to_read||https://skoob.s3.amazonaws.com/livros/112376/COMO_LER_LIVROS_1513536555112376SK1513536556B.jpg|como-ler-livros-112376ed124846.html|112376
3.5|100.0|725614|2017|208|Cartas de um Diabo a seu aprendiz|C. S. Lewis |Thomas Nelson Brasil|read|2026-03-13T13:20:09.087Z|https://skoob.s3.amazonaws.com/livros/273/CARTAS_DE_UM_DIABO_A_SEU_APRENDIZ_991965342B.jpg|cartas-de-um-diabo-a-seu-aprendiz-273ed725614.html|273
||733574|2017|153|Procrastinação|Lilian Soares|ebook Kindle|want_to_read||https://skoob.s3.amazonaws.com/livros/731290/PROCRASTINACAO_1510869794731290SK1510869794B.jpg|procrastinacao-731290ed733574.html|731290
||12144120|2022|368|É assim que aprendemos|Stanislas Dehaene|Contexto|want_to_read||https://skoob.s3.amazonaws.com/livros/12161955/_ASSIM_QUE_APRENDEMOS_165219230012161955SK-V11652192301B.jpg|e-assim-que-aprendemos-12161955ed12144120.html|12161955
||887102|2019|256|O cérebro no mundo digital|Maryanne Wolf|Contexto|want_to_read||https://skoob.s3.amazonaws.com/livros/880895/O_CEREBRO_NO_MUNDO_DIGITAL_1558664181880895SK1558664181B.jpg|o-cerebro-no-mundo-digital-880895ed887102.html|880895
||13558|1996|496|Pálido Ponto Azul|Carl Sagan|Companhia das Letras|want_to_read||https://skoob.s3.amazonaws.com/livros/12234/PALIDO_PONTO_AZUL_1402429060B.jpg|palido-ponto-azul-12234ed13558.html|12234
||612158|2016|240|Amityville|Lorraine Warren|DarkSide® Books|want_to_read||https://skoob.s3.amazonaws.com/livros/1671/AMITYVILLE_14737966841671SK1473796684B.jpg|amityville-1671ed612158.html|1671
||1190508|2015|279|Manual de persuasão do FBI|Jack Schafer|Universo dos Livros|want_to_read||https://skoob.s3.amazonaws.com/livros/1193831/b0956dad61788189ddbf6c647726858dB.jpg|manual-de-persuasao-do-fbi-1193831ed1190508.html|1193831
||1194011|2018|485|Por que nós dormimos|Matthew Walker|Intrínseca|want_to_read||https://skoob.s3.amazonaws.com/livros/1197520/7ea1c9b57168169a1e4713a749bff2e6B.jpg|por-que-nos-dormimos-1197520ed1194011.html|1197520
||259328|2012|416|A Física do Futuro|Michio Kaku|Rocco|want_to_read||https://skoob.s3.amazonaws.com/livros/231931/A_FISICA_DO_FUTURO_1334115897B.jpg|a-fisica-do-futuro-231931ed259328.html|231931
3.5|100.0|951101|2017|262|50 Ideias de Matemática Que Você Precisa Conhecer|Tony Crilly|Editora Planeta|read|2026-05-27T16:21:06.639Z|https://skoob.s3.amazonaws.com/livros/943643/a117a62d7534a70a8c92aaf2610a9878B.jpg|50-ideias-de-matematica-que-voce-precisa-conhecer-943643ed951101.html|943643
||777317|2015|247|Uma Breve História do Tempo (eBook)|Stephen Hawking|Intrínseca|want_to_read||https://skoob.s3.amazonaws.com/livros/772938/UMA_BREVE_HISTORIA_DO_TEMPO_1524444642772938SK1524444643B.jpg|uma-breve-historia-do-tempo-ebook-772938ed777317.html|772938
||122543548|2021|123|Dez dias num Hospício|Nellie Bly|Fósforo|want_to_read||https://skoob.s3.amazonaws.com/livros/1285505/DEZ_DIAS_NUM_HOSPICIO_17372264431285505SK-V11737226444B.jpg|dez-dias-num-hospicio-1285505ed122543548.html|1285505
||936939|2019|352|Mortos Não Contam Segredos|Karen M. McManus|Galera Record|want_to_read||https://skoob.s3.amazonaws.com/livros/925073/MORTOS_NAO_CONTAM_SEGREDOS_1564561852925073SK1564561854B.jpg|mortos-nao-contam-segredos-925073ed936939.html|925073
||744309|2018|384|Um de nós está mentindo (Um De Nós #1)|Karen M. McManus|Galera Record|want_to_read||https://skoob.s3.amazonaws.com/livros/741533/UM_DE_NOS_ESTA_MENTINDO_1736999735741533SK-V11736999778B.jpg|um-de-nos-esta-mentindo-um-de-nos-1-741533ed744309.html|741533
||12205300|2022|520|Herdeiros do Tempo (Herdeiros do Tempo #1)|Adrian Tchaikovsky|Morro Branco|want_to_read||https://skoob.s3.amazonaws.com/livros/12224197/HERDEIROS_DO_TEMPO_166065684412224197SK-V11660656845B.jpg|herdeiros-do-tempo-herdeiros-do-tempo-1-12224197ed12205300.html|12224197
4.5|100.0|122603056|2025|352|Somos legião (somos Bob)|Dennis E. Taylor|Excelsior|read|2026-03-07T12:29:55.321Z|https://skoob.s3.amazonaws.com/livros/122599941/SOMOS_LEGIAO_SOMOS_BOB_1756752400122599941SK-V11756752400B.jpg|somos-legiao-somos-bob-122599941ed122603056.html|122599941
||122618041|2025|378|Com amor, mamãe|lliana Xander|Intrínseca|want_to_read||https://skoob.s3.amazonaws.com/livros/122556217/b51da85735c3d7df7419166e9889da1c.jpg|com-amor-mamae-122556217ed122618041.html|122556217
4.0|100.0|1193129|2020|224|Coraline|Neil Gaiman|Intrínseca|read|2026-02-08T19:34:21.515Z|https://skoob.s3.amazonaws.com/livros/218759/CORALINE_1701648275218759SK-V11701648281B.jpg|coraline-218759ed1193129.html|218759
||621963|2016|384|Ultra Carnem|Cesar Bravo|DarkSide® Books|want_to_read||https://skoob.s3.amazonaws.com/livros/621201/ULTRA_CARNEM_1476999648621201SK1476999648B.jpg|ultra-carnem-621201ed621963.html|621201
||122279944|2017|216|The Summer I Died|Ryan Thomas|Createspace Independent Publishing Platform|want_to_read|||the-summer-i-died-122274387ed122279944.html|122274387
||122634909|2023|299|Daughter's Drawings|Nick Botic|Independently published|want_to_read||https://skoob.s3.amazonaws.com/livros/122630731/bd3e6a0c12f21d1b0054b948b0172a5b.jpg|daughters-drawings-122630731ed122634909.html|122630731
||11897866|2017|324|The Black Farm|Elias Witherow|nao informado|want_to_read||https://skoob.s3.amazonaws.com/livros/11901584/THE_BLACK_FARM_167839728611901584SK-V11678397287B.jpg|the-black-farm-11901584ed11897866.html|11901584
3.5|100.0|122581587|2025|304|A chuva (Blackwater #6)|Michael McDowell|Arqueiro|read|2026-03-12T00:29:05.023Z|https://skoob.s3.amazonaws.com/livros/122580328/A_CHUVA_1751425810122580328SK-V11751425811B.jpg|a-chuva-blackwater-6-122580328ed122581587.html|122580328
4.0|100.0|122573268|2025|272|A fortuna (Blackwater #5)|Michael McDowell|Arqueiro|read|2026-03-11T14:40:18.663Z|https://skoob.s3.amazonaws.com/livros/122569551/A_FORTUNA_1749081934122569551SK-V11749081934B.jpg|a-fortuna-blackwater-5-122569551ed122573268.html|122569551
3.5|100.0|122565990|2025|272|A guerra (Blackwater #4)|Michael McDowell|Arqueiro|read|2026-02-17T23:16:22.266Z|https://skoob.s3.amazonaws.com/livros/122563006/A_GUERRA_1744321922122563006SK-V11744321922B.jpg|a-guerra-blackwater-4-122563006ed122565990.html|122563006
4.0|100.0|122558559|2025|256|A casa (Blackwater #3)|Michael McDowell|Arqueiro|read|2026-02-14T19:53:53.954Z|https://skoob.s3.amazonaws.com/livros/122556208/A_CASA_1741985576122556208SK-V11741985577B.jpg|a-casa-blackwater-3-122556208ed122558559.html|122556208
3.5|100.0|122580269|2025|197|O Dique|Michael McDowell|Arqueiro|read|2026-02-06T13:48:29.251Z|https://skoob.s3.amazonaws.com/livros/122579136/O_DIQUE_1749062035122579136SK-V11749062035B.jpg|o-dique-122579136ed122580269.html|122579136
||227470|2011|151|Neurociência e Educação|Ramon M. Cosenza; Leonor B. Guerra|Artmed|want_to_read||https://skoob.s3.amazonaws.com/livros/203572/NEUROCIENCIA_E_EDUCACAO_1597805676203572SK1597805676B.jpg|neurociencia-e-educacao-203572ed227470.html|203572
||750929|2018|288|Flores para Algernon|Daniel Keyes|Aleph|want_to_read||https://skoob.s3.amazonaws.com/livros/747864/FLORES_PARA_ALGERNON_1700530005747864SK-V11700530008B.jpg|flores-para-algernon-747864ed750929.html|747864
||490678|2015|286|Stoner|John Williams|Rádio Londres|want_to_read||https://skoob.s3.amazonaws.com/livros/433102/STONER__1457707840433102SK1457707840B.jpg|stoner-433102ed490678.html|433102
||11996950|2021|256|Piranesi|Susanna Clarke|Morro Branco|want_to_read||https://skoob.s3.amazonaws.com/livros/1105580/PIRANESI_16325317201105580SK-V11632531722B.jpg|piranesi-1105580ed11996950.html|1105580
||106173|2006|336|The Ruins|Scott Smith|Knopf|want_to_read||https://skoob.s3.amazonaws.com/livros/95974/THE_RUINS_1269150941B.jpg|the-ruins-95974ed106173.html|95974
|68.0|11664970|2020|320|A garota da casa ao lado| Jack Ketchum |DarkSide Books|reading||https://skoob.s3.amazonaws.com/livros/11647642/A_GAROTA_DA_CASA_AO_LADO_160139974911647642SK1601399750B.jpg|a-garota-da-casa-ao-lado-11647642ed11664970.html|11647642
||12180841|2022|1240|O Caminho dos Reis (Os Relatos da Guerra das Tempestades #1)|Brandon Sanderson|Trama|want_to_read||https://skoob.s3.amazonaws.com/livros/12207774/O_CAMINHO_DOS_REIS_2157565918B.jpg|o-caminho-dos-reis-os-relatos-da-guerra-das-tempestades-1-12207774ed12180841.html|12207774
||122570285|2025|368|Como arruinar um casamento|Alison Espach|Harlequin|want_to_read||https://skoob.s3.amazonaws.com/livros/122532265/COMO_ARRUINAR_UM_CASAMENTO_1748834491122532265SK-V11748834492B.jpg|como-arruinar-um-casamento-122532265ed122570285.html|122532265
4.0|100.0|122628543|2022|248|Efficient Linux at the Command Line|Daniel J. Barrett|O'Reilly|read|2026-03-16T03:00:00.000Z|https://skoob.s3.amazonaws.com/livros/12133139/564d5cc1c917f39a015175583fc60afd.jpg|efficient-linux-at-the-command-line-12133139ed122628543.html|12133139
||122598122|2025|530|As terras devastadas (A Torre Negra #3)|Stephen King|Suma|want_to_read||https://skoob.s3.amazonaws.com/livros/702/AS_TERRAS_DEVASTADAS_1755201806702SK-V11755201808B.jpg|as-terras-devastadas-a-torre-negra-3-702ed122598122.html|702
||122598120|2025|416|A escolha dos três (A Torre Negra #2)|Stephen King|Suma|want_to_read||https://skoob.s3.amazonaws.com/livros/319/A_ESCOLHA_DOS_TRES_1755201581319SK-V11755201582B.jpg|a-escolha-dos-tres-a-torre-negra-2-319ed122598120.html|319
||122598119|2025|288|O pistoleiro (A Torre Negra #1)|Stephen King|Suma|want_to_read||https://skoob.s3.amazonaws.com/livros/318/O_PISTOLEIRO_1755201253318SK-V11755201265B.jpg|o-pistoleiro-a-torre-negra-1-318ed122598119.html|318
||122626778|2020|365|AI and Machine Learning for Coders|Laurence Moroney|O'Reilly|want_to_read||https://skoob.s3.amazonaws.com/livros/122622926/805e1e2001f5cbcfecf0d157d110d716.jpg|ai-and-machine-learning-for-coders-122622926ed122626778.html|122622926
2.5|100.0|122494076|2024|322|Programação Utilizando IA|Tom Taulli|Novatec Editora|read|2026-01-16T15:58:36.932Z|https://skoob.s3.amazonaws.com/livros/122493627/PROGRAMACAO_UTILIZANDO_IA_1724776993122493627SK-V11724776994B.jpg|programacao-utilizando-ia-122493627ed122494076.html|122493627
||1095941|2020|400|Fundamentals of Software Architecture|Mark Richards, Neal Ford||want_to_read||https://skoob.s3.amazonaws.com/livros/1092943/2c2dac9c1eed9f2d744680c22ee4ef64B.jpg|fundamentals-of-software-architecture-1092943ed1095941.html|1092943
||122304573|2022|308|Data Quality Fundamentals|Barr Moses, Lior Gavish, Molly Vorwerck|O'Reilly|want_to_read||https://skoob.s3.amazonaws.com/livros/122299680/DATA_QUALITY_FUNDAMENTALS_1680741833122299680SK-V11680741834B.jpg|data-quality-fundamentals-122299680ed122304573.html|122299680
|12.0|12040519|2019|120|O Resgate da Verdade|Douglas Reis, Luiz Gustavo Assis, Matheus Cardoso, Michelson Borges|MINISTÉRIO JOVEM DA IASD/ DSA|reading||https://skoob.s3.amazonaws.com/livros/350890/O_RESGATE_DA_VERDADE_1637692131350890SK-V11637692133B.jpg|o-resgate-da-verdade-350890ed12040519.html|350890
||122473510|2024|378|A medida|Nikki Erlick|Verus|want_to_read||https://skoob.s3.amazonaws.com/livros/12173761/A_MEDIDA_172014638912173761SK-V11720146390B.jpg|a-medida-12173761ed122473510.html|12173761
||372325|2014|612|O Império Final (Mistborn: Nascidos da Bruma #1)|Brandon Sanderson|Leya|want_to_read||https://skoob.s3.amazonaws.com/livros/332229/O_IMPERIO_FINAL_1395789574B.jpg|o-imperio-final-mistborn-nascidos-da-bruma-1-332229ed372325.html|332229
||122486647|2020|595|Fogo e Sangue|George R R Martin|Suma|want_to_read||https://skoob.s3.amazonaws.com/livros/860050/FOGO_E_SANGUE_1723290481860050SK-V11723290482B.jpg|fogo-e-sangue-860050ed122486647.html|860050
||476107|2015|832|A dança dos dragões (As Crônicas de Gelo e Fogo #5)|George R. R. Martin|Leya|want_to_read||https://skoob.s3.amazonaws.com/livros/193285/A_DANCA_DOS_DRAGOES_1449877359193285SK1449877359B.jpg|a-danca-dos-dragoes-as-cronicas-de-gelo-e-fogo-5-193285ed476107.html|193285
||476105|2015|608|O festim dos corvos (As Crônicas de Gelo e Fogo #4)|George R. R. Martin|Leya|want_to_read||https://skoob.s3.amazonaws.com/livros/157355/O_FESTIM_DOS_CORVOS_1449877208157355SK1449877208B.jpg|o-festim-dos-corvos-as-cronicas-de-gelo-e-fogo-4-157355ed476105.html|157355
||545767|2015|848|A tormenta de espadas (As Crônicas de Gelo e Fogo #3)|George R. R. Martin|Leya|want_to_read||https://skoob.s3.amazonaws.com/livros/150936/A_TORMENTA_DE_ESPADAS_1447596999150936SK1447596999B.jpg|a-tormenta-de-espadas-as-cronicas-de-gelo-e-fogo-3-150936ed545767.html|150936
||545765|2015|656|A fúria dos reis (As Crônicas de Gelo e Fogo #2)|George R. R. Martin|Leya|want_to_read||https://skoob.s3.amazonaws.com/livros/16061/A_FURIA_DOS_REIS_144987574916061SK1449875749B.jpg|a-furia-dos-reis-as-cronicas-de-gelo-e-fogo-2-16061ed545765.html|16061
4.0|100.0|989176|2019|336|Dedique-se de Coração|Howard Schultz|BUZZ|read|2026-01-18T23:47:22.968Z|https://skoob.s3.amazonaws.com/livros/987738/DEDIQUESE_DE_CORACAO_1570555709987738SK1570555709B.jpg|dedique-se-de-coracao-987738ed989176.html|987738
||122610451|2024|371|Criaturas impossíveis (Criaturas Impossíveis #1)|Rundell. Katherine|Faro Editorial|want_to_read||https://skoob.s3.amazonaws.com/livros/122606895/b513e48528e9d9caef0eacd7745636d5.png|criaturas-impossiveis-criaturas-impossiveis-1-122606895ed122610451.html|122606895
4.0|100.0|122580267|2025|192|A Enchente|Michael McDowell|Arqueiro|read|2026-02-01T05:40:55.927Z|https://skoob.s3.amazonaws.com/livros/122579134/A_ENCHENTE_1749061793122579134SK-V11749061793B.jpg|a-enchente-122579134ed122580267.html|122579134
4.0|100.0|284939|2012|216|Fahrenheit 451|Ray Bradbury|Biblioteca Azul|read|2026-04-18T00:05:31.015Z|https://skoob.s3.amazonaws.com/livros/136/FAHRENHEIT_451_1690566839136SK-V11690566842B.jpg|fahrenheit-451-136ed284939.html|136
||696223|2017|232|O Meu Pé de Laranja Lima|José Mauro de Vasconcelos|Melhoramentos|want_to_read||https://skoob.s3.amazonaws.com/livros/125/O_MEU_PE_DE_LARANJA_LIMA_50_A_1502132376125SK1502132377B.jpg|o-meu-pe-de-laranja-lima-125ed696223.html|125
||122566495|2025|152|Como nascem os fantasmas|Verena Cavalcante|Suma|want_to_read||https://skoob.s3.amazonaws.com/livros/122563465/COMO_NASCEM_OS_FANTASMAS_1744390902122563465SK-V11744390902B.jpg|como-nascem-os-fantasmas-122563465ed122566495.html|122563465
4.5|100.0|122565010|2025|300|1984|George Orwell, Joe White|Audible Originals|read|2025-12-26T15:40:07.680Z|https://skoob.s3.amazonaws.com/livros/122562107/1984_1743823572122562107SK-V11743823572B.jpg|1984-122562107ed122565010.html|122562107
||452851|2014|312|O Assassinato de Roger Ackroyd|Agatha Christie|Globo Livros|want_to_read||https://skoob.s3.amazonaws.com/livros/1182/O_ASSASSINATO_DE_ROGER_ACKROYD_1409191796B.jpg|o-assassinato-de-roger-ackroyd-1182ed452851.html|1182
4.0|100.0|122477814|2025|312|O concorrente (Os Livros de Bachman #2)|Stephen King|Suma|read|2026-01-13T01:31:42.584Z|https://skoob.s3.amazonaws.com/livros/3237/O_CONCORRENTE_17502731823237SK-V11750273183B.jpg|o-concorrente-os-livros-de-bachman-2-3237ed122477814.html|3237
||122429742|2024|216|Alerta vermelho (Diário de um robô-assassino #1)|Martha Wells|Aleph|want_to_read||https://skoob.s3.amazonaws.com/livros/122426363/ALERTA_VERMELHO_1714169701122426363SK-V11714169702B.jpg|alerta-vermelho-diario-de-um-robo-assassino-1-122426363ed122429742.html|122426363
4.5|100.0|751351|2018|160|O mito de Sísifo|Albert Camus|Record|read|2025-12-14T16:43:19.984Z|https://skoob.s3.amazonaws.com/livros/5570/O_MITO_DE_SISIFO_17298076475570SK-V11729807648B.jpg|o-mito-de-sisifo-5570ed751351.html|5570
4.0|100.0|11876245|2021|99|De quanta terra precisa um homem|Leon Tolstói|Principis|read|2025-12-01T14:29:40.381Z|https://skoob.s3.amazonaws.com/livros/11878937/DE_QUANTA_TERRA_PRECISA_UM_HOM_161858173111878937SK-V11618581732B.jpg|de-quanta-terra-precisa-um-homem-11878937ed11876245.html|11878937
4.5|100.0|496448|2015|152|Declínio de um homem|Osamu Dazai|Estação Liberdade|read|2025-12-16T03:25:48.540Z|https://skoob.s3.amazonaws.com/livros/438113/DECLINIO_DE_UM_HOMEM_1505093029438113SK1505093029B.jpg|declinio-de-um-homem-438113ed496448.html|438113
||11915568|2021|160|Gente pobre|Fiódor Dostoiévski|Principis|want_to_read||https://skoob.s3.amazonaws.com/livros/9498/GENTE_POBRE_16222296619498SK-V11622229663B.jpg|gente-pobre-9498ed11915568.html|9498
||12167226|2022|272|Advogado do Diabo (Macabra #1)|Andrew Neiderman|DarkSide® Books|want_to_read||https://skoob.s3.amazonaws.com/livros/12185786/ADVOGADO_DO_DIABO_165471836812185786SK-V11654718369B.jpg|advogado-do-diabo-macabra-1-12185786ed12167226.html|12185786
||670140|2017|320|Minha Vida Fora dos Trilhos|Clare Vanderpool|DarkSide® Books|want_to_read||https://skoob.s3.amazonaws.com/livros/148570/MINHA_VIDA_FORA_DOS_TRILHOS_1550843231B.jpg|minha-vida-fora-dos-trilhos-148570ed670140.html|148570
3.5|100.0|614353|2016|200|A História do Brasil Para Quem Tem Pressa|Marcos Costa|Valentina|read|2025-11-23T13:15:40.154Z|https://skoob.s3.amazonaws.com/livros/613852/A_HISTORIA_DO_BRASIL_PARA_QUEM_1476896680613852SK1476896680B.jpg|a-historia-do-brasil-para-quem-tem-pressa-613852ed614353.html|613852
||774997|2018|254|A Noite dos Mortos-Vivos|Danilo Beyruth|DarkSide Books|want_to_read||https://skoob.s3.amazonaws.com/livros/770788/A_NOITE_DOS_MORTOSVIVOS_1550704605770788SK1550704606B.jpg|a-noite-dos-mortos-vivos-770788ed774997.html|770788
||12021820|2021|256|1922|Nick Rennison|Astral Cultural|want_to_read||https://skoob.s3.amazonaws.com/livros/12033826/1922_163718932012033826SK-V11637189322B.jpg|1922-12033826ed12021820.html|12033826
4.0|100.0|786666|2018|224|Ikigai|Ken Mogi|Astral Cultural|read|2025-11-25T01:47:08.085Z|https://skoob.s3.amazonaws.com/livros/781869/54307041d97825ee3f523b3066c458e5B.jpg|ikigai-781869ed786666.html|781869
||122418427|2023|208|Os Canibais da Rua do Arvoredo|Tailor Diniz|Lucens Editorial|want_to_read||https://skoob.s3.amazonaws.com/livros/122415821/OS_CANIBAIS_DA_RUA_DO_ARVOREDO_1706216167122415821SK-V11706216168B.jpg|os-canibais-da-rua-do-arvoredo-122415821ed122418427.html|122415821
||886658|2019|224|O cão dos Baskerville|Arthur Conan Doyle|Principis|want_to_read||https://skoob.s3.amazonaws.com/livros/880488/908d83124814eef3c8aa801a60092c09B.jpg|o-cao-dos-baskerville-880488ed886658.html|880488
||655039|2017|322|O Livro dos Espelhos|E.O. Chirovici|Record|want_to_read||https://skoob.s3.amazonaws.com/livros/653219/O_LIVRO_DOS_ESPELHOS_1487698800653219SK1487698800B.jpg|o-livro-dos-espelhos-653219ed655039.html|653219
4.0|100.0|551100|2015|176|O alquimista|Paulo Coelho|Sextante|read|2025-10-31T12:32:59.862Z|https://skoob.s3.amazonaws.com/livros/3/O_ALQUIMISTA_14501059263SK1450105926B.jpg|o-alquimista-3ed551100.html|3
||122562197|2025|400|O Colecionador de Monstros|Sam Holland|Darkside Books|want_to_read||https://skoob.s3.amazonaws.com/livros/122559506/O_COLECIONADOR_DE_MONSTROS_1743027918122559506SK-V11743027918B.jpg|o-colecionador-de-monstros-122559506ed122562197.html|122559506
4.0|100.0|11593964|2015|157|Sangue na neve|Jo Nesbo|Record|read|2025-12-01T23:33:25.172Z|https://skoob.s3.amazonaws.com/livros/1233479/a3f2600f5fbcbc55d913f41f2b64e355B.jpg|sangue-na-neve-1233479ed11593964.html|1233479
||11602983|2015|398|Prisioneiros do inverno|Jennifer McMahon|Record|want_to_read||https://skoob.s3.amazonaws.com/livros/1243108/4b239c11ad8a39e6525a15b2f7a64959B.jpg|prisioneiros-do-inverno-1243108ed11602983.html|1243108
||363423|2013|368|Gélido (Rizzoli & Isles #8)|Tess Gerritsen|Record|want_to_read||https://skoob.s3.amazonaws.com/livros/324298/GELIDO_1370968066B.jpg|gelido-rizzoli-e-isles-8-324298ed363423.html|324298
||12215314|2022|384|Desenhos ocultos|Jason Rekulak|Intrínseca|want_to_read||https://skoob.s3.amazonaws.com/livros/12233911/DESENHOS_OCULTOS_166266718212233911SK-V11662667183B.jpg|desenhos-ocultos-12233911ed12215314.html|12233911
||122564042|2025|368|A Casa da Escuridão Eterna (Crime Scene)|Riley Sager|DarkSide® Books|want_to_read||https://skoob.s3.amazonaws.com/livros/122561222/A_CASA_DA_ESCURIDAO_ETERNA_1743522699122561222SK-V11743522699B.jpg|a-casa-da-escuridao-eterna-crime-scene-122561222ed122564042.html|122561222
||371691|2013|224|Noite Polar: Uma História de Fantasmas|Michelle Paver|Rocco|want_to_read||https://skoob.s3.amazonaws.com/livros/331669/NOITE_POLAR_1372792578B.jpg|noite-polar-uma-historia-de-fantasmas-331669ed371691.html|331669
||722330|2017|1304|O Conde de Monte Cristo|Alexandre Dumas|Martin Claret|want_to_read||https://skoob.s3.amazonaws.com/livros/1109/O_CONDE_DE_MONTECRISTO_15075964851109SK1507596486B.jpg|o-conde-de-monte-cristo-1109ed722330.html|1109
||122573734|2025|432|Manual das donas de casa caçadoras de vampiros|Grady Hendrix|Intrínseca|want_to_read||https://skoob.s3.amazonaws.com/livros/999767/MANUAL_DAS_DONAS_DE_CASA_CACAD_1746823721999767SK-V11746823721B.jpg|manual-das-donas-de-casa-cacadoras-de-vampiros-999767ed122573734.html|999767
4.0|100.0|122550450|2025|269|Imagens estranhas [ebook]|Uketsu|Suma|read|2025-10-18T06:11:35.075Z|https://skoob.s3.amazonaws.com/livros/122529729/IMAGENS_ESTRANHAS_OEBOOKU_1751049115122529729SK-V11751049117B.jpg|imagens-estranhas-ebook-122529729ed122550450.html|122529729
||518793|2015|384|Eu sou a lenda|Richard Matheson|Aleph|want_to_read||https://skoob.s3.amazonaws.com/livros/2021/EU_SOU_A_LENDA_16860934072021SK-V11686093409B.jpg|eu-sou-a-lenda-2021ed518793.html|2021
||11915620|2021|288|A Cidade dos Amaldiçoados|John Wyndham|Diário Macabro|want_to_read||https://skoob.s3.amazonaws.com/livros/11920421/A_CIDADE_DOS_AMALDICOADOS_162223687111920421SK-V11622236872B.jpg|a-cidade-dos-amaldicoados-11920421ed11915620.html|11920421
||12215349|2022|136|Wendigo|Algernon Blackwood|Skript|want_to_read||https://skoob.s3.amazonaws.com/livros/12233942/WENDIGO_166268192612233942SK-V11662681927B.jpg|wendigo-12233942ed12215349.html|12233942
||968559|2020|288|O Silêncio da Casa Fria|Laura Purcell|DarkSide Books|want_to_read||https://skoob.s3.amazonaws.com/livros/967589/O_SILENCIO_DA_CASA_FRIA_1584386717967589SK1584386717B.jpg|o-silencio-da-casa-fria-967589ed968559.html|967589
3.5|100.0|11999351|2021|208|O Paciente|Jasper DeWitt|Planeta do Brasil|read|2025-10-15T00:33:05.609Z|https://skoob.s3.amazonaws.com/livros/12010501/O_PACIENTE_163249780612010501SK-V11632497807B.jpg|o-paciente-12010501ed11999351.html|12010501
4.0|100.0|122331557|2023|160|O homem bicentenário|Isaac Asimov|Aleph|read|2025-10-12T05:36:35.073Z|https://skoob.s3.amazonaws.com/livros/5310/O_HOMEM_BICENTENRIO_1712132179B.jpg|o-homem-bicentenario-5310ed122331557.html|5310
||506396|2015|160|Hellraiser|Clive Barker|DarkSide® Books|want_to_read||https://skoob.s3.amazonaws.com/livros/446938/HELLRAISER_1439490812521363SK1439490812B.jpg|hellraiser-446938ed506396.html|446938
4.0|100.0|122488896|2024|160|O Massacre (Crime Scene Fiction #1)|Luciano Lamberti|DarkSide® Books|read|2025-12-31T15:41:48.910Z|https://skoob.s3.amazonaws.com/livros/122488497/O_MASSACRE_1723737880122488497SK-V11723737881B.jpg|o-massacre-crime-scene-fiction-1-122488497ed122488896.html|122488497
||666672|2017|288|1977: Enfield|Guy Lyon Playfair|DarkSide® Books|want_to_read||https://skoob.s3.amazonaws.com/livros/664384/1977_ENFIELD_1490819281664384SK1490819281B.jpg|1977-enfield-664384ed666672.html|664384
||122556372|2025|176|Casas estranhas (Casas Estranhas #1)|Uketsu|Intrínseca|want_to_read||https://skoob.s3.amazonaws.com/livros/122554253/CASAS_ESTRANHAS_1741346477122554253SK-V11741346477B.jpg|casas-estranhas-casas-estranhas-1-122554253ed122556372.html|122554253
||122552395|2025|900|Alchemised [Edição brasileira]|SenLinYu|Intrínseca|want_to_read||https://skoob.s3.amazonaws.com/livros/122533841/ALCHEMISED_1739993362122533841SK-V11739993363B.jpg|alchemised-edicao-brasileira-122533841ed122552395.html|122533841
||122357896|2023|400|O ladrão de raios (Percy Jackson e os Olimpianos #1)|Rick Riordan|Intrínseca|want_to_read||https://skoob.s3.amazonaws.com/livros/736/O_LADRAO_DE_RAIOS_1692104205736SK-V11692104220B.jpg|o-ladrao-de-raios-percy-jackson-e-os-olimpianos-1-736ed122357896.html|736
||639305|2016|155|Sherlock Holmes: As Aventuras de Sherlock Holmes #3|Sir Arthur Conan Doyle|Editora Hunter Books|want_to_read||https://skoob.s3.amazonaws.com/livros/637714/SHERLOCK_HOLMES_1482455920637714SK1482455920B.jpg|sherlock-holmes-as-aventuras-de-sherlock-holmes-3-637714ed639305.html|637714
||639302|2016|144|Sherlock Holmes: As Aventuras de Sherlock Holmes #2|Sir Arthur Conan Doyle|Editora Hunter Books|want_to_read||https://skoob.s3.amazonaws.com/livros/637711/SHERLOCK_HOLMES_1482455692637711SK1482455692B.jpg|sherlock-holmes-as-aventuras-de-sherlock-holmes-2-637711ed639302.html|637711
||639160|2016|144|Sherlock Holmes: As Aventuras de Sherlock Holmes #1|Sir Arthur Conan Doyle|Editora Hunter Books|want_to_read||https://skoob.s3.amazonaws.com/livros/637579/SHERLOCK_HOLMES_1482455452637579SK1482455452B.jpg|sherlock-holmes-as-aventuras-de-sherlock-holmes-1-637579ed639160.html|637579
||757872|2020|304|A Criatura|Andrew Pyper|DarkSide Books|want_to_read||https://skoob.s3.amazonaws.com/livros/754511/A_CRIATURA_1574711792754511SK1574711793B.jpg|a-criatura-754511ed757872.html|754511
||11664953|2020|224|Invasores de Corpos (Macabra)|Jack Finney|Darkside Books|want_to_read||https://skoob.s3.amazonaws.com/livros/15525/INVASORES_DE_CORPOS_160139714815525SK1601397149B.jpg|invasores-de-corpos-macabra-15525ed11664953.html|15525
||122222936|2022|240|A natureza da mordida|Carla Madeira|Editora Record|want_to_read||https://skoob.s3.amazonaws.com/livros/853480/A_NATUREZA_DA_MORDIDA_2283225547B.jpg|a-natureza-da-mordida-853480ed122222936.html|853480
||12007612|2021|280|Véspera|Carla Madeira|Record|want_to_read||https://skoob.s3.amazonaws.com/livros/12019256/VESPERA_168862397212019256SK-V11688623974B.jpg|vespera-12019256ed12007612.html|12019256
0.0||616214|2016|376|Coração de Aço (Os Executores #1)|Brandon Sanderson|Aleph|want_to_read||https://skoob.s3.amazonaws.com/livros/615632/CORACAO_DE_ACO_1518718820615632SK1518718821B.jpg|coracao-de-aco-os-executores-1-615632ed616214.html|615632
0.0||499447|2015|400|A Cidade Murada|Ryan Graudin|Seguinte|want_to_read||https://skoob.s3.amazonaws.com/livros/440777/A_CIDADE_MURADA_1436161094440777SK1436161094B.jpg|a-cidade-murada-440777ed499447.html|440777
0.0||11901313|2021|216|Senhor das moscas|William Golding|Alfaguara|want_to_read||https://skoob.s3.amazonaws.com/livros/1291/SENHOR_DAS_MOSCAS_16207563891291SK-V11620756393B.jpg|senhor-das-moscas-1291ed11901313.html|1291
5.0|100.0|640662|2015|754|Harry Potter e as Relíquias da Morte (Harry Potter #7)|J.K. Rowling |Pottermore from J.K. Rowling|read|2025-09-30T00:03:46.663Z|https://skoob.s3.amazonaws.com/livros/639011/HARRY_POTTER_E_AS_RELIQUIAS_DA_1664490412639011SK-V11664490413B.jpg|harry-potter-e-as-reliquias-da-morte-harry-potter-7-639011ed640662.html|639011
4.5|100.0|12214484|2015|649|Harry Potter e o Enigma do Príncipe (Harry Potter #6)|J. K. Rowling|Pottermore Publishing|read|2025-09-18T22:09:31.000Z|https://skoob.s3.amazonaws.com/livros/562/HARRY_POTTER_E_O_ENIGMA_DO_PRI_1670431204562SK-V11670431214B.jpg|harry-potter-e-o-enigma-do-principe-harry-potter-6-562ed12214484.html|562
4.5|100.0|452855|2014|400|E não sobrou nenhum|Agatha Christie|Globo Livros|read|2025-09-23T23:02:55.983Z|https://skoob.s3.amazonaws.com/livros/573/E_NO_SOBROU_NENHUM_609548547B.jpg|e-nao-sobrou-nenhum-573ed452855.html|573
0.0||11621588|2020|432|Psicopata Americano|Bret Easton Ellis|DarkSide Books|want_to_read||https://skoob.s3.amazonaws.com/livros/2556/PSICOPATA_AMERICANO_17533222422556SK-V11753322244B.jpg|psicopata-americano-2556ed11621588.html|2556
0.0||122353053|2023|240|Eu Sou o Rei do Castelo (Macabra #1)|Susan Hill|DarkSide® Books|want_to_read||https://skoob.s3.amazonaws.com/livros/122346809/EU_SOU_O_REI_DO_CASTELO_1690983626122346809SK-V11690983627B.jpg|eu-sou-o-rei-do-castelo-macabra-1-122346809ed122353053.html|122346809
0.0||11997370|2021|320|Elementais (Dark House)|Michael McDowell|Darkside|want_to_read||https://skoob.s3.amazonaws.com/livros/12008423/ELEMENTAIS_163663289212008423SK-V11636632893B.jpg|elementais-dark-house-12008423ed11997370.html|12008423
0.0||122578863|2025|256|Alfa-hélice|Diêgo Madureira|Editora Labrador|want_to_read||https://skoob.s3.amazonaws.com/livros/122577843/ALFAHELICE_1748554569122577843SK-V11748554570B.jpg|alfa-helice-122577843ed122578863.html|122577843
0.0||122509021|2023|384|Cutelo e Corvo|Brynne Weaver|Editora Arqueiro|want_to_read||https://skoob.s3.amazonaws.com/livros/122508228/CUTELO_E_CORVO_1727751176122508228SK-V11727751176B.jpg|cutelo-e-corvo-122508228ed122509021.html|122508228
4.0|100.0|122367624|2023|192|Nas Montanhas do Terror|Junji Ito|Conrad|read|2025-08-26T00:00:00.000Z|https://skoob.s3.amazonaws.com/livros/122360566/NAS_MONTANHAS_DO_TERROR_1698426121122360566SK-V11698426122B.jpg|nas-montanhas-do-terror-122360566ed122367624.html|122360566
0.0||421323|2014|176|A cabeça do santo|Socorro Acioli|Companhia das Letras|want_to_read||https://skoob.s3.amazonaws.com/livros/373201/A_CABECA_DO_SANTO_1728953047373201SK-V11728953048B.jpg|a-cabeca-do-santo-373201ed421323.html|373201
3.5|100.0|640660|2015|987|Harry Potter e a Ordem da Fênix (Harry Potter #5)|J.K. Rowling |Rocco|read|2025-09-08T12:09:31.000Z|https://skoob.s3.amazonaws.com/livros/639009/HARRY_POTTER_E_A_ORDEM_DA_FENI_1689458015639009SK-V11689458016B.jpg|harry-potter-e-a-ordem-da-fenix-harry-potter-5-639009ed640660.html|639009
3.5|100.0|11927229|2021|256|LIFELONG LEARNERS|Conrado Schlochauer|Gente|read|2025-08-23T00:08:31.000Z|https://skoob.s3.amazonaws.com/livros/11932482/LIFELONG_LEARNERS_162378052211932482SK-V11623780524B.jpg|lifelong-learners-11932482ed11927229.html|11932482
4.0|100.0|616265|2016|168|Aprendendo padrões de projeto em Python|Chetan Giridhar|Novatec Editora|read|2026-01-27T17:56:08.367Z|https://skoob.s3.amazonaws.com/livros/615681/APRENDENDO_PADROES_DE_PROJETO__1475081204615681SK1475081204B.jpg|aprendendo-padroes-de-projeto-em-python-615681ed616265.html|615681
0.0||750696|2016|448|Fundamentos de Física Volume 4|David Halliday, Robert Resnick, Jearl Walker|LTC|want_to_read||https://skoob.s3.amazonaws.com/livros/747639/f87dea2483db60876a3efd032c713629B.jpg|fundamentos-de-fisica-volume-4-747639ed750696.html|747639
0.0||705945|2016|324|Fundamentos de Física 2|David Halliday, Robert Resnick, Jearl Walker|LTC|want_to_read||https://skoob.s3.amazonaws.com/livros/704759/FUNDAMENTOS_DE_FISICA_2_1574105849704759SK1574105849B.jpg|fundamentos-de-fisica-2-704759ed705945.html|704759
0.0||637645|2016|408|Fundamentos de Física Volume 3|David Halliday, Robert Resnick, Jearl Walker|LTC|want_to_read||https://skoob.s3.amazonaws.com/livros/636110/e9b8ac737c84feb7ca0b4fef1823b8edB.jpg|fundamentos-de-fisica-volume-3-636110ed637645.html|636110
0.0|15.0|670414|2016|797|Fundamentos de Física Volume 1|David Halliday, Robert Resnick, Jearl Walker|LTC|reading|2025-08-03T00:00:00.000Z|https://skoob.s3.amazonaws.com/livros/668617/91810d580346dfa23a44de96201fce90B.jpg|fundamentos-de-fisica-volume-1-668617ed670414.html|668617
4.0|100.0|12086342|2022|128|Astronomia|Marcelo Girardi Schappo|Contexto|read|2025-07-31T00:07:21.000Z|https://skoob.s3.amazonaws.com/livros/12101852/ASTRONOMIA_164382099212101852SK-V11643820993B.jpg|astronomia-12101852ed12086342.html|12101852
0.0||748533|2018|216|50 ideias de astronomia que você precisa conhecer (50 ideias)|Giles Sparrow|Editora Planeta|want_to_read||https://skoob.s3.amazonaws.com/livros/745583/50_IDEIAS_DE_ASTRONOMIA_QUE_VO_1515504538745583SK1515504538B.jpg|50-ideias-de-astronomia-que-voce-precisa-conhecer-50-ideias-745583ed748533.html|745583
0.0||12144922|2022|320|O Pescador|John Langan|DarkSide®Books|want_to_read||https://skoob.s3.amazonaws.com/livros/849245/O_PESCADOR_1655487333849245SK-V11655487334B.jpg|o-pescador-849245ed12144922.html|849245
0.0||122418676|2024|224|A Volta do Parafuso (Medo Clássico)|Henry James|DarkSide® Books|want_to_read||https://skoob.s3.amazonaws.com/livros/2034/A_VOLTA_DO_PARAFUSO_17062745392034SK-V11706274541B.jpg|a-volta-do-parafuso-medo-classico-2034ed122418676.html|2034
0.0|47.0|122370295|2023|688|Elon Musk|Walter Isaacson|Simon and Schuster|reading||https://skoob.s3.amazonaws.com/livros/122363119/ELON_MUSK_1695164687122363119SK-V11695164688B.jpg|elon-musk-122363119ed122370295.html|122363119
4.0|100.0|122378056|2023|128|O berço vazio|Thomas Olde Heuvelt|Darkside Books|read|2025-07-18T11:07:37.000Z|https://skoob.s3.amazonaws.com/livros/122370519/O_BERCO_VAZIO_1696966683122370519SK-V11696966684B.jpg|o-berco-vazio-122370519ed122378056.html|122370519
0.0||318647|2012|1318|Dom Quixote|Miguel de Cervantes|Penguin-Companhia das Letras|want_to_read||https://skoob.s3.amazonaws.com/livros/1634/DOM_QUIXOTE__1354290979B.jpg|dom-quixote-1634ed318647.html|1634
0.0||422871|2014|312|Admirável mundo novo|Aldous Huxley|Biblioteca Azul|want_to_read||https://skoob.s3.amazonaws.com/livros/996/ADMIRAVEL_MUNDO_NOVO_1504838948996SK1504838950B.jpg|admiravel-mundo-novo-996ed422871.html|996
0.0||445570|2011|392|Lolita|Vladimir Nabokov|Alfaguara|want_to_read||https://skoob.s3.amazonaws.com/livros/1105/LOLITA_15525914381105SK1552591440B.jpg|lolita-1105ed445570.html|1105
0.0||451641|2015|448|Cem anos de solidão|Gabriel García Márquez|Record|want_to_read||https://skoob.s3.amazonaws.com/livros/141/CEM_ANOS_DE_SOLIDAO_1639936027141SK-V11639936031B.jpg|cem-anos-de-solidao-141ed451641.html|141
0.0||11588702|2019|471|Circe| Madeline Miller|Planeta Minotauro|want_to_read||https://skoob.s3.amazonaws.com/livros/860131/9726334d2980c19af83b48aef5e67d3eB.jpg|circe-860131ed11588702.html|860131
0.0||122452150|2024|288|Todas as Faces da Morte|Sue Black|DarkSide® Books|want_to_read||https://skoob.s3.amazonaws.com/livros/122451069/TODAS_AS_FACES_DA_MORTE_1716402064122451069SK-V11716402064B.jpg|todas-as-faces-da-morte-122451069ed122452150.html|122451069
0.0||122383018|2023|448|Colapso|Roberto Denser|DarkSide® Books|want_to_read||https://skoob.s3.amazonaws.com/livros/122375241/COLAPSO_1729788808122375241SK-V11729788808B.jpg|colapso-122375241ed122383018.html|122375241
0.0||1013221|2019|288|VHS|Cesar Bravo|Darkside Books|want_to_read||https://skoob.s3.amazonaws.com/livros/1011236/VHS_VERDADEIRAS_HISTRIAS_DE__15731476121011236SK1573147612B.jpg|vhs-1011236ed1013221.html|1011236
4.0|100.0|681469|2019|112|Candyman|Clive Barker|DarkSide® Books|read|2025-07-01T16:07:51.000Z|https://skoob.s3.amazonaws.com/livros/679222/CANDYMAN_1544552296679222SK1544552296B.jpg|candyman-679222ed681469.html|679222
0.0||11668868|2020|224|Verdades do Além-Túmulo|Caitlin Doughty|DarkSide Books|want_to_read||https://skoob.s3.amazonaws.com/livros/11651813/VERDADES_DO_ALEMTUMULO_160200861911651813SK1602008620B.jpg|verdades-do-alem-tumulo-11651813ed11668868.html|11651813
0.0||122453819|2024|128|Fup|Jim Dodge|Amarcord|want_to_read||https://skoob.s3.amazonaws.com/livros/122452637/FUP_1716772599122452637SK-V11716772600B.jpg|fup-122452637ed122453819.html|122452637
0.0||7637|2004|264|O complexo de Portnoy|Philip Roth|Companhia das Letras|want_to_read||https://skoob.s3.amazonaws.com/livros/6468/O_COMPLEXO_DE_PORTNOY_14839827046468SK1483982704B.jpg|o-complexo-de-portnoy-6468ed7637.html|6468
0.0||31990|2009|176|E os Hipopótamos Foram Cozidos em Seus Tanques|Jack Kerouac|Companhia das Letras|want_to_read||https://skoob.s3.amazonaws.com/livros/29411/E_OS_HIPOPOTAMOS_FORAM_COZIDOS_EM_SEU_TA_1243303091B.jpg|e-os-hipopotamos-foram-cozidos-em-seus-tanques-29411ed31990.html|29411
0.0||12002573|2021|260|Pergunte ao pó|John Fante|José Olympio|want_to_read||https://skoob.s3.amazonaws.com/livros/2449/PERGUNTE_AO_PO_16329525712449SK-V11632952577B.jpg|pergunte-ao-po-2449ed12002573.html|2449
4.0|100.0|906654|2019|360|Factfulness|Hans Rosling|Editora Record|read|2025-08-27T16:08:52.000Z|https://skoob.s3.amazonaws.com/livros/900422/FACTFULNESS_1562196966900422SK1562196967B.jpg|factfulness-900422ed906654.html|900422
0.0||122415902|2020|330|Os Supridores|José Falero|Todavia|want_to_read||https://skoob.s3.amazonaws.com/livros/11663254/OS_SUPRIDORES_170566475911663254SK-V11705664760B.jpg|os-supridores-11663254ed122415902.html|11663254
4.0|100.0|284329|2009|248|Black Paradox|Junji Ito|Big Comic Spirits|read|2025-06-17T13:06:15.000Z|https://skoob.s3.amazonaws.com/livros/253912/BLACK_PARADOX_1342996895B.jpg|black-paradox-253912ed284329.html|253912
0.0||12199557|2022|320|Bom dia, Verônica|Ilana Casoy, Raphael Montes|Companhia das Letras|want_to_read||https://skoob.s3.amazonaws.com/livros/627428/BOM_DIAN_VERONICA_1748202833627428SK-V11748202840B.jpg|bom-dia-veronica-627428ed12199557.html|627428
0.0||1036453|2014|280|Dias perfeitos|Raphael Draccon|Editora Companhia das Letras|want_to_read||https://skoob.s3.amazonaws.com/livros/1034067/d0ab1019f0b81763d8ec310ac0f9a5b6B.jpg|dias-perfeitos-1034067ed1036453.html|1034067
3.5|100.0|864853|2019|128|Arrume a sua cama|William H. Mcraven|Academia|read|2025-06-03T19:06:50.000Z|https://skoob.s3.amazonaws.com/livros/703929/ARRUME_A_SUA_CAMA_2264582498B.jpg|arrume-a-sua-cama-703929ed864853.html|703929
0.0||968558|2019|448|Ghost Story|Peter Straub|DarkSide Books|want_to_read||https://skoob.s3.amazonaws.com/livros/967588/GHOST_STORY_1568222305967588SK1568222305B.jpg|ghost-story-967588ed968558.html|967588
0.0||817797|2018|208|O deserto dos tártaros|Dino Buzzati|TAG - Experiências Literárias; Nova Fronteira|want_to_read||https://skoob.s3.amazonaws.com/livros/813676/O_DESERTO_DOS_TARTAROS_1545975557813676SK1545975557B.jpg|o-deserto-dos-tartaros-813676ed817797.html|813676
0.0||9553|2012|184|Em busca de sentido|Viktor Frankl|Vozes|want_to_read||https://skoob.s3.amazonaws.com/livros/8295/EM_BUSCA_DE_SENTIDO__1232324518B.jpg|em-busca-de-sentido-8295ed9553.html|8295
0.0||770185|2018|496|Comer Para Não Morrer|Michael Greger|Intrínseca|want_to_read||https://skoob.s3.amazonaws.com/livros/766244/COMER_PARA_NAO_MORRER_1524082687766244SK1524082687B.jpg|comer-para-nao-morrer-766244ed770185.html|766244
4.0|100.0|11619724|2020|176|Como Cultivar Uma Vida de Leitura|C. S. Lewis |Thomas Nelson Brasil|read|2025-05-19T01:05:42.000Z|https://skoob.s3.amazonaws.com/livros/1260643/COMO_CULTIVAR_UMA_VIDA_DE_LEIT_15996702531260643SK1599670254B.jpg|como-cultivar-uma-vida-de-leitura-1260643ed11619724.html|1260643
4.0|100.0|11908825|2021|96|O Mercador de Veneza|William Shakespeare|Principis|read|2025-06-01T03:06:45.000Z|https://skoob.s3.amazonaws.com/livros/4633/9e278c507635ef3ec4d478eca5ed2304.jpg|o-mercador-de-veneza-4633ed11908825.html|4633
0.0||873853|2019|256|Uma mulher no escuro|Raphael Montes|Companhia das Letras|want_to_read||https://skoob.s3.amazonaws.com/livros/868181/UMA_MULHER_NO_ESCURO_1555301729868181SK1555301729B.jpg|uma-mulher-no-escuro-868181ed873853.html|868181
0.0||11973595|2021|176|Carmilla|Sheridan Le Fanu|Editora Pandorga|want_to_read||https://skoob.s3.amazonaws.com/livros/752961/CARMILLA_1972078973B.jpg|carmilla-752961ed11973595.html|752961
4.0|100.0|122427362|2024|64|Lendas Japonesas (DarkLove #1)|Loputyn|DarkSide® Books|read|2025-05-22T21:05:46.000Z|https://skoob.s3.amazonaws.com/livros/122424146/LENDAS_JAPONESAS_1708461969122424146SK-V11708461970B.jpg|lendas-japonesas-darklove-1-122424146ed122427362.html|122424146
0.0||122299899|2023|144|O Sentido da Vida|Contardo Calligaris|Paidós|want_to_read||https://skoob.s3.amazonaws.com/livros/122294852/O_SENTIDO_DA_VIDA_1680023714122294852SK-V11680023715B.jpg|o-sentido-da-vida-122294852ed122299899.html|122294852
3.5|100.0|122544146|2024|220|Do Céu ao Inferno|Patricia Hargreaves|Audible Originals|read|2025-11-30T11:33:02.844Z|https://skoob.s3.amazonaws.com/livros/122540893/DO_CEU_AO_INFERNO_1737420666122540893SK-V11737420666B.jpg|do-ceu-ao-inferno-122540893ed122544146.html|122540893
4.5|100.0|850950|2019|280|Holocausto brasileiro|Daniela Arbex|Intrínseca|read|2025-10-06T03:00:00.000Z|https://skoob.s3.amazonaws.com/livros/323152/HOLOCAUSTO_BRASILEIRO_1547555204323152SK1547555205B.jpg|holocausto-brasileiro-323152ed850950.html|323152
3.5|100.0|957767|2019|336|Cova 312|Daniela Arbex|Intrínseca|read|2025-07-04T10:07:23.000Z|https://skoob.s3.amazonaws.com/livros/447019/COVA__1218515483B.jpg|cova-312-447019ed957767.html|447019
3.5|100.0|29115|2007|214|O Príncipe (A Obra-prima de Cada Autor #2)|Nicolau Maquiavel|Martin Claret|read|2025-09-24T01:08:13.103Z|https://skoob.s3.amazonaws.com/livros/379/O_PRINCIPE_1251669410B.jpg|o-principe-a-obra-prima-de-cada-autor-2-379ed29115.html|379
4.0|100.0|684269|2017|272|Ikigai|Francesc Miralles|Penguin Books|read|2025-05-22T20:05:08.000Z|https://skoob.s3.amazonaws.com/livros/679375/IKIGAI_1495326141679375SK1495326141B.jpg|ikigai-679375ed684269.html|679375
4.5|100.0|880922|2015|632|Harry Potter e o Cálice de Fogo (Harry Potter #4)|J.K. Rowling|Pottermore Publishing|read|2025-08-16T11:08:53.000Z|https://skoob.s3.amazonaws.com/livros/355/HARRY_POTTER_E_O_CALICE_DE_FOG_1663633060355SK-V11663633070B.jpg|harry-potter-e-o-calice-de-fogo-harry-potter-4-355ed880922.html|355
4.5|100.0|21894|2000|394|Harry Potter e o prisioneiro de Azkaban (Harry Potter #3)|J.K. Rowling |Rocco|read|2025-07-26T17:07:35.000Z|https://skoob.s3.amazonaws.com/livros/358/HARRY_POTTER_E_O_PRISIONEIRO_D_1451338416358SK1451338416B.jpg|harry-potter-e-o-prisioneiro-de-azkaban-harry-potter-3-358ed21894.html|358
3.5|100.0|122381599|2023|176|Meus dias na livraria Morisaki|Satoshi Yagisawa|Bertrand Brasil|read|2025-05-25T04:05:39.000Z|https://skoob.s3.amazonaws.com/livros/122268843/MEUS_DIAS_NA_LIVRARIA_MORISAKI_1722123560122268843SK-V11722123561B.jpg|meus-dias-na-livraria-morisaki-122268843ed122381599.html|122268843
4.0|100.0|514658|2015|378|A Garota No Trem|Paula Hawkins|Record|read|2025-06-09T20:06:44.000Z|https://skoob.s3.amazonaws.com/livros/454388/A_GAROTA_NO_TREM_1454108802454388SK1454108802B.jpg|a-garota-no-trem-454388ed514658.html|454388
4.0|100.0|122246770|2023|208|O Leão, a Feiticeira e o Guarda-Roupa (As Crônicas de Nárnia #1)|C. S. Lewis|HarperCollins Brasil|read|2025-05-30T22:05:57.000Z|https://skoob.s3.amazonaws.com/livros/1097/O_LEAON_A_FEITICEIRA_E_O_GUARD_16708820721097SK-V11670882073B.jpg|o-leao-a-feiticeira-e-o-guarda-roupa-as-cronicas-de-narnia-1-1097ed122246770.html|1097
3.5|100.0|12128530|2022|288|Noites brancas|Fiódor Dostoiévski|Antofágica|read|2025-07-07T20:07:31.000Z|https://skoob.s3.amazonaws.com/livros/222/NOITES_BRANCAS_3269189157B.jpg|noites-brancas-222ed12128530.html|222
0.0||349848|2013|736|Novembro de 63|Stephen King|Suma|want_to_read||https://skoob.s3.amazonaws.com/livros/158058/4d836b3ffcbc28b130017314a8391bc3.jpg|novembro-de-63-158058ed349848.html|158058
4.5|100.0|11811684|2021|445|O Caso Evandro|Ivan Mizanzuk|HarperCollins Brasil|read|2026-03-31T22:01:51.894Z|https://skoob.s3.amazonaws.com/livros/11810955/O_CASO_EVANDRO_161896314911810955SK-V11618963149B.jpg|o-caso-evandro-11810955ed11811684.html|11810955
0.0||721133|2017|299|Nova Jaguaruara|Amaurício Lopes|Independente|want_to_read||https://skoob.s3.amazonaws.com/livros/719343/NOVA_JAGUARUARA_1664016212719343SK-V11664016213B.jpg|nova-jaguaruara-719343ed721133.html|719343
0.0||12221872|2022|208|O Galinheiro|Amaurício Lopes|Independente|want_to_read||https://skoob.s3.amazonaws.com/livros/12240352/O_GALINHEIRO_166401653412240352SK-V11664016535B.jpg|o-galinheiro-12240352ed12221872.html|12240352
0.0||12091864|2022|176|Kim Jiyoung, nascida em 1982|Cho Nam-Joo|Intrínseca|want_to_read||https://skoob.s3.amazonaws.com/livros/12107439/KIM_JIYOUNGN_NASCIDA_EM_1982_173577962212107439SK-V11735779624B.jpg|kim-jiyoung-nascida-em-1982-12107439ed12091864.html|12107439
0.0||2994|2005|296|Maus|Art Spiegelman|Companhia das Letras|want_to_read||https://skoob.s3.amazonaws.com/livros/2259/MAUS_1299758721B.jpg|maus-2259ed2994.html|2259
0.0||433492|2012|352|Laranja mecânica|Anthony Burgess|Aleph|want_to_read||https://skoob.s3.amazonaws.com/livros/1194/LARANJA_MECANICA_15572620271194SK1557262029B.jpg|laranja-mecanica-1194ed433492.html|1194
0.0||453035|2015|350|O sol é para todos|Harper Lee|José Olympio|want_to_read||https://skoob.s3.amazonaws.com/livros/2178/O_SOL_E_PARA_TODOS_14365616752178SK1436561675B.jpg|o-sol-e-para-todos-2178ed453035.html|2178
4.5|100.0|285461|2012|240|Branca dos Mortos e os Sete Zumbis|Fábio Yabu|Nerd Books|read||https://skoob.s3.amazonaws.com/livros/254908/BRANCA_DOS_MORTOS_E_OS_SETE_ZUMBIS_1354262521B.jpg|branca-dos-mortos-e-os-sete-zumbis-254908ed285461.html|254908
5.0|100.0|200670|2011|320|Crash|Alexandre Versignassi|Leya|read||https://skoob.s3.amazonaws.com/livros/179987/CRASH_1311387534B.jpg|crash-179987ed200670.html|179987
2.5|100.0|11624603|2014|97|Elevador 16 (As Crônicas dos Mortos)| Rodrigo de Oliveira|Faro Editorial|read||https://skoob.s3.amazonaws.com/livros/1265745/5ed041f5f774b0fe40cce1bc5fa3bbd0B.jpg|elevador-16-as-cronicas-dos-mortos-1265745ed11624603.html|1265745
4.0|100.0|187362|2011|172|Espíritos de Gelo|Raphael Draccon|GaiLivros|read||https://skoob.s3.amazonaws.com/livros/168038/ESPIRITOS_DE_GELO_1303830198B.jpg|espiritos-de-gelo-168038ed187362.html|168038
3.0|100.0|25595|2001|132|Manifesto do Partido Comunista|Karl Marx|L&PM Pocket|read||https://skoob.s3.amazonaws.com/livros/23539/MANIFESTO_DO_PARTIDO_COMUNISTA_146205408023539SK1462054080B.jpg|manifesto-do-partido-comunista-23539ed25595.html|23539
4.0|100.0|370574|2013|400|Não Brinque Com Fogo (Dave Gurney #3)|John Verdon|Arqueiro|read|2019-06-01T00:00:00.000Z|https://skoob.s3.amazonaws.com/livros/330719/NAO_BRINQUE_COM_FOGO_1374162474B.jpg|nao-brinque-com-fogo-dave-gurney-3-330719ed370574.html|330719
4.5|100.0|412557|2013|648|Uzumaki|Junji Ito|VIZ Media|read|2025-05-03T22:05:32.000Z|https://skoob.s3.amazonaws.com/livros/366006/UZUMAKI_1529091147366006SK1529091150B.jpg|uzumaki-366006ed412557.html|366006
0.0||4687|2007|367|As Ruínas|Scott Smith|Intrínseca|want_to_read||https://skoob.s3.amazonaws.com/livros/3700/AS_RUINAS_1240864572B.jpg|as-ruinas-3700ed4687.html|3700
4.0|100.0|122352039|2023|96|A Morte de Ivan Ilitch|Liev Tolstói|Principis|read|2025-04-27T09:04:27.000Z|https://skoob.s3.amazonaws.com/livros/221/A_MORTE_DE_IVAN_ILITCH_1690673877221SK-V11690673879B.jpg|a-morte-de-ivan-ilitch-221ed122352039.html|221
0.0||122518600|2025|256|Mar da tranquilidade|Emily St. John Mandel|Intrínseca|want_to_read||https://skoob.s3.amazonaws.com/livros/122414674/MAR_DA_TRANQUILIDADE_1730205123122414674SK-V11730205123B.jpg|mar-da-tranquilidade-122414674ed122518600.html|122414674
0.0||122220593|2022|352|A última casa da rua Needless|Catriona Ward|Jangada|want_to_read||https://skoob.s3.amazonaws.com/livros/12245857/A_ULTIMA_CASA_DA_RUA_NEEDLESS_167700030912245857SK-V11677000310B.jpg|a-ultima-casa-da-rua-needless-12245857ed122220593.html|12245857
0.0||122434530|2024|304|Anatomia de uma Execução|Danya Kukafka|Darkside|want_to_read||https://skoob.s3.amazonaws.com/livros/122430825/ANATOMIA_DE_UMA_EXECUCAO_1725664599122430825SK-V11725664600B.jpg|anatomia-de-uma-execucao-122430825ed122434530.html|122430825
0.0||894017|2019|288|O bom filho|You-jeong Jeong|Todavia|want_to_read||https://skoob.s3.amazonaws.com/livros/851227/O_BOM_FILHO_1750729436851227SK-V11750729437B.jpg|o-bom-filho-851227ed894017.html|851227
0.0||958375|2019|256|O fim da eternidade|Isaac Asimov|Aleph|want_to_read||https://skoob.s3.amazonaws.com/livros/719/O_FIM_DA_ETERNIDADE_1673039057719SK-V11673039058B.jpg|o-fim-da-eternidade-719ed958375.html|719
0.0||690361|2017|440|Os Últimos Dias da Noite| Graham Moore |Companhia das Letras|want_to_read||https://skoob.s3.amazonaws.com/livros/687676/OS_LTIMOS_DIAS_DA_NOITE_1497460451687676SK1497460452B.jpg|os-ultimos-dias-da-noite-687676ed690361.html|687676
0.0||645771|2017|448|As primeiras quinze vidas de Harry August|Claire North|Bertrand Brasil|want_to_read||https://skoob.s3.amazonaws.com/livros/643895/AS_PRIMEIRAS_QUINZE_VIDAS_DE_H_1735532643643895SK-V11735532646B.jpg|as-primeiras-quinze-vidas-de-harry-august-643895ed645771.html|643895
0.0||12128060|2022|368|Lua de Sangue (Dreamblood #1)|N. K. Jemisin|Morro Branco|want_to_read||https://skoob.s3.amazonaws.com/livros/12145046/LUA_DE_SANGUE_173232488312145046SK-V11732324883B.jpg|lua-de-sangue-dreamblood-1-12145046ed12128060.html|12145046
0.0||951139|2014|192|A vida do livreiro A. J. Fikry|Gabrielle Zevin|Editora Paralela|want_to_read||https://skoob.s3.amazonaws.com/livros/943679/d3c5fe9ebbca21165d7f9e3e728adc84B.jpg|a-vida-do-livreiro-a-j-fikry-943679ed951139.html|943679
0.0||312658|2012|304|O pacifista|John Boyne|Companhia das Letras|want_to_read||https://skoob.s3.amazonaws.com/livros/278815/O_PACIFISTA__1352354800B.jpg|o-pacifista-278815ed312658.html|278815
0.0||12095642|2022|256|Os três estigmas de Palmer Eldritch|Philip K. Dick|Aleph|want_to_read||https://skoob.s3.amazonaws.com/livros/20802/OS_TRES_ESTIGMAS_DE_PALMER_ELD_164711582020802SK-V11647115821B.jpg|os-tres-estigmas-de-palmer-eldritch-20802ed12095642.html|20802
0.0||122483866|2024|352|A primeira mentira|Ashley Elston|Intrínseca|want_to_read||https://skoob.s3.amazonaws.com/livros/122483587/A_PRIMEIRA_MENTIRA_1736309782122483587SK-V11736309783B.jpg|a-primeira-mentira-122483587ed122483866.html|122483587
0.0||122419911|2024|526|Mais sombrio|Stephen King|Suma|want_to_read||https://skoob.s3.amazonaws.com/livros/122417245/MAIS_SOMBRIO_1710271508122417245SK-V11710271509B.jpg|mais-sombrio-122417245ed122419911.html|122417245
0.0||612369|2016|376|Cujo (Biblioteca Stephen King)|Stephen King|Suma|want_to_read||https://skoob.s3.amazonaws.com/livros/121091/CUJO_1702944700611959SK-V11702944702B.jpg|cujo-biblioteca-stephen-king-121091ed612369.html|121091
0.0||122445086|2024|352|Floresta dos Suicidas|Jeremy Bates|DarkSide Books|want_to_read||https://skoob.s3.amazonaws.com/livros/724221/FLORESTA_DOS_SUICIDAS_1712830578724221SK-V11712830578B.jpg|floresta-dos-suicidas-724221ed122445086.html|724221
0.0||122527711|2023|256|Como Matei Minha Querida Família|Bella Mackie|Darkside|want_to_read||https://skoob.s3.amazonaws.com/livros/978923/COMO_MATEI_MINHA_QUERIDA_FAMIL_1732885717978923SK-V11732885725B.jpg|como-matei-minha-querida-familia-978923ed122527711.html|978923
0.0||122348014|2023|160|A Cor dos Dados|Kate Strachnyi|Novatec Editora|want_to_read||https://skoob.s3.amazonaws.com/livros/122342047/A_COR_DOS_DADOS_1689789836122342047SK-V11689789837B.jpg|a-cor-dos-dados-122342047ed122348014.html|122342047
4.0|100.0|122294336|2023|304|A empregada (A Empregada #1)|Freida McFadden|Arqueiro|read|2026-02-16T02:37:53.929Z|https://skoob.s3.amazonaws.com/livros/122289146/A_EMPREGADA_1684380168122289146SK-V11684380169B.jpg|a-empregada-a-empregada-1-122289146ed122294336.html|122289146
4.0|100.0|11950040|2021|200|A assombração da Casa da Colina|Shirley Jackson|Alfaguara|read|2026-05-21T18:29:28.464Z|https://skoob.s3.amazonaws.com/livros/43372/A_ASSOMBRACAO_DA_CASA_DA_COLIN_166573822843372SK-V11665738229B.jpg|a-assombracao-da-casa-da-colina-43372ed11950040.html|43372
0.0||122539491|2025|458|Código-fonte [ebook]|Bill Gates|Companhia das Letrinhas|want_to_read||https://skoob.s3.amazonaws.com/livros/122536612/CODIGOFONTE_COMO_TUDO_COMECO_1736073396122536612SK-V11736073396B.jpg|codigo-fonte-ebook-122536612ed122539491.html|122536612
0.0||499767|2015|360|A Noiva Fantasma|Yangsze Choo|DarkSide® Books|want_to_read||https://skoob.s3.amazonaws.com/livros/441064/A_NOIVA_FANTASMA_1448344927441064SK1448344927B.jpg|a-noiva-fantasma-441064ed499767.html|441064
0.0||13591|1995|319|Zona Quente|Richard Preston|Rocco|want_to_read||https://skoob.s3.amazonaws.com/livros/12264/ZONA_QUENTE_1310228770B.jpg|zona-quente-12264ed13591.html|12264
0.0||684953|2017|368|O conto da aia (O conto da aia #1)|Margaret Atwood|Rocco|want_to_read||https://skoob.s3.amazonaws.com/livros/8256/O_CONTO_DA_AIA_14955647998256SK1495564800B.jpg|o-conto-da-aia-o-conto-da-aia-1-8256ed684953.html|8256
0.0||590875|2016|378|O pintor de memórias|Gwendolyn Womack|Record|want_to_read||https://skoob.s3.amazonaws.com/livros/589931/O_PINTOR_DE_MEMORIAS_1465776975589931SK1465776975B.jpg|o-pintor-de-memorias-589931ed590875.html|589931
0.0||25062|2009|280|Capitães da Areia|Jorge Amado|Companhia das Letras|want_to_read||https://skoob.s3.amazonaws.com/livros/968/CAPITAES_DA_AREIA_1724073975968SK-V11724073980B.jpg|capitaes-da-areia-968ed25062.html|968
0.0||55293|2009|254|Hell House|Richard Matheson|Novo Século|want_to_read||https://skoob.s3.amazonaws.com/livros/50370/A_CASA_INFERNAL_1280087096B.jpg|hell-house-50370ed55293.html|50370
0.0||782051|2018|528|Outsider|Stephen King|Suma|want_to_read||https://skoob.s3.amazonaws.com/livros/777443/OUTSIDER_1527095469777443SK1527095469B.jpg|outsider-777443ed782051.html|777443
0.0|5.0|122414865|2024|740|Casa de Folhas|Mark Z. Danielewski|DarkSide® Books|want_to_read||https://skoob.s3.amazonaws.com/livros/122412491/CASA_DE_FOLHAS_LIMITED_EDITIO_1705432473122412491SK-V11705432474B.jpg|casa-de-folhas-122412491ed122414865.html|122412491
0.0||744525|2018|272|O Homem de Giz|C.J. Tudor|Intrínseca|want_to_read||https://skoob.s3.amazonaws.com/livros/741746/O_HOMEM_DE_GIZ_1519314280741746SK1519314281B.jpg|o-homem-de-giz-741746ed744525.html|741746
0.0||56675|2013|800|O Olho do Mundo (A Roda do Tempo #1)|Robert Jordan|Intrínseca|want_to_read||https://skoob.s3.amazonaws.com/livros/51604/O_OLHO_DO_MUNDO_1378242694B.jpg|o-olho-do-mundo-a-roda-do-tempo-1-51604ed56675.html|51604
0.0||12039762|2022|976|Império do Vampiro (Império do Vampiro #1)|Jay Kristoff|Plataforma 21|want_to_read||https://skoob.s3.amazonaws.com/livros/12053613/IMPERIO_DO_VAMPIRO_164125557012053613SK-V11641255571B.jpg|imperio-do-vampiro-imperio-do-vampiro-1-12053613ed12039762.html|12053613
0.0||390732|2010|364|O Último Reino|Bernard Cornwell|Record|want_to_read||https://skoob.s3.amazonaws.com/livros/720/O_LTIMO_REINO_1379983622B.jpg|o-ultimo-reino-720ed390732.html|720
0.0||1171382|2017|420|A Guerra da Rainha Vermelha (The Red Queen's War #1)|Mark Lawrence|Darkside Books|want_to_read||https://skoob.s3.amazonaws.com/livros/1172500/b597447dd347dca8d8968c6110761be6B.jpg|a-guerra-da-rainha-vermelha-the-red-queens-war-1-1172500ed1171382.html|1172500
0.0||445903|2014|480|O Poder da Espada (A Primeira Lei #1)|Joe Abercrombie|Arqueiro|want_to_read||https://skoob.s3.amazonaws.com/livros/330333/O_PODER_DA_ESPADA_1401737917B.jpg|o-poder-da-espada-a-primeira-lei-1-330333ed445903.html|330333
4.5|100.0|11802730|2021|210|Tudo é rio|Carla Madeira|Editora Record|read|2025-09-20T17:09:49.000Z|https://skoob.s3.amazonaws.com/livros/435848/TUDO_E_RIO_1732165961435848SK-V11732165963B.jpg|tudo-e-rio-435848ed11802730.html|435848
0.0||11985288|2021|192|Eu que nunca conheci os homens|Jacqueline Harpman|Dublinense|want_to_read||https://skoob.s3.amazonaws.com/livros/11994862/EU_QUE_NUNCA_CONHECI_OS_HOMENS_163052557311994862SK-V11630525574B.jpg|eu-que-nunca-conheci-os-homens-11994862ed11985288.html|11994862
0.0||122529077|2025|544|Céus Misteriosos (Deuses Afogados #2)|Pascale Lacelle|Intrínseca|want_to_read||https://skoob.s3.amazonaws.com/livros/122526897/CEUS_MISTERIOSOS_1733263017122526897SK-V11733263017B.jpg|ceus-misteriosos-deuses-afogados-2-122526897ed122529077.html|122526897
0.0||122436817|2024|480|Magia das Marés (Deuses afogados #1)|Pascale Lacelle|Intrínseca|want_to_read||https://skoob.s3.amazonaws.com/livros/122432968/MAGIA_DAS_MARES_1710939582122432968SK-V11710939583B.jpg|magia-das-mares-deuses-afogados-1-122432968ed122436817.html|122432968
4.5|100.0|12067913|2021|418|Slewfoot|Brom|Tor Nightfire|read|2026-01-29T15:21:41.249Z|https://skoob.s3.amazonaws.com/livros/12083294/SLEWFOOT_164126043512083294SK-V11641260436B.jpg|slewfoot-12083294ed12067913.html|12083294
0.0||122231094|2022|352|O palhaço no milharal|Adam Cesare|Alta Novel|want_to_read||https://skoob.s3.amazonaws.com/livros/122225500/O_PALHACO_DO_MILHARAL_1667345100122225500SK-V11667345101B.jpg|o-palhaco-no-milharal-122225500ed122231094.html|122225500
0.0||122531282|2025|384|O livro das portas|Gareth Brown|Astral Cultural|want_to_read||https://skoob.s3.amazonaws.com/livros/122528987/O_LIVRO_DAS_PORTAS_1743132543122528987SK-V11743132544B.jpg|o-livro-das-portas-122528987ed122531282.html|122528987
0.0||427651|2014|664|Battle Royale|Koushun Takami|Globo Livros|want_to_read||https://skoob.s3.amazonaws.com/livros/22132/BATTLE_ROYALE_170320326722132SK-V11703203366B.jpg|battle-royale-22132ed427651.html|22132
4.0|100.0|1197900|2020|576|A Cantiga dos Pássaros e das Serpentes (Jogos Vorazes #0.4)|Suzanne Collins|Rocco Jovens Leitores|read|2026-04-06T22:25:20.118Z|https://skoob.s3.amazonaws.com/livros/1201615/A_CANTIGA_DOS_PASSAROS_E_DAS_S_15896653941201615SK1589665394B.jpg|a-cantiga-dos-passaros-e-das-serpentes-jogos-vorazes-04-1201615ed1197900.html|1201615
3.5|100.0|195445|2011|424|A Esperança (Trilogia Jogos Vorazes #3)|Suzanne Collins|Rocco|read|2025-04-20T15:04:17.000Z|https://skoob.s3.amazonaws.com/livros/175390/A_ESPERANCA_1447804227175390SK1447804227B.jpg|a-esperanca-trilogia-jogos-vorazes-3-175390ed195445.html|175390
0.0||122563529|2025|475|Amanhecer na Colheita|Suzanne Collins|Rocco|want_to_read||https://skoob.s3.amazonaws.com/livros/122545014/AMANHECER_NA_COLHEITA_1743370114122545014SK-V11743370118B.jpg|amanhecer-na-colheita-122545014ed122563529.html|122545014
0.0||821833|2018|448|Favores Vulgares|Maureen Orth|Vestígio|want_to_read||https://skoob.s3.amazonaws.com/livros/817462/FAVORES_VULGARES_1539890873817462SK1539890873B.jpg|favores-vulgares-817462ed821833.html|817462
3.5|100.0|122458646|2024|80|A Chave da Virada|Marcello Niek, Bruno Raso|Casa Publicadora Brasileira|read|2025-04-22T07:04:46.000Z|https://skoob.s3.amazonaws.com/livros/122457279/A_CHAVE_DA_VIRADA_1716460319122457279SK-V11716460320B.jpg|a-chave-da-virada-122457279ed122458646.html|122457279
0.0||122266867|2021|241|Quando os mortos falam|Cláudia Lemes|AVEC Editora|want_to_read||https://skoob.s3.amazonaws.com/livros/122259972/QUANDO_OS_MORTOS_FALAM_1685214318122259972SK-V11685214319B.jpg|quando-os-mortos-falam-122259972ed122266867.html|122259972
0.0||499424|2015|320|Hamlet|William Shakespeare|Penguin-Companhia|want_to_read||https://skoob.s3.amazonaws.com/livros/885/HAMLET_1723579793885SK-V11723579796B.jpg|hamlet-885ed499424.html|885
4.0|100.0|160818|2011|416|Em Chamas (Trilogia Jogos Vorazes #2)|Suzanne Collins|Rocco|read|2025-04-15T18:04:20.000Z|https://skoob.s3.amazonaws.com/livros/144526/EM_CHAMAS_1362102330B.jpg|em-chamas-trilogia-jogos-vorazes-2-144526ed160818.html|144526
4.0|100.0|1009815|2019|192|Japão Moderno (Encyclopaedia)|Christopher Goto-Jones|L&PM|read|2025-08-08T00:08:59.000Z|https://skoob.s3.amazonaws.com/livros/1007937/JAPAO_MODERNO_15726505181007937SK1572650518B.jpg|japao-moderno-encyclopaedia-1007937ed1009815.html|1007937
0.0||439499|2014|624|Nosferatu|Joe Hill|Arqueiro|want_to_read||https://skoob.s3.amazonaws.com/livros/388286/NOSFERATU_1403636845B.jpg|nosferatu-388286ed439499.html|388286
0.0||1201|2010|320|A Estrada da Noite|Joe Hill|Sextante|want_to_read||https://skoob.s3.amazonaws.com/livros/922/A_ESTRADA_DA_NOITE_1230759633B.jpg|a-estrada-da-noite-922ed1201.html|922
0.0|100.0|634847|2017|64|Buracos negros|Stephen Hawking|Intrínseca|read||https://skoob.s3.amazonaws.com/livros/633468/BURACOS_NEGROS_1481101703633468SK1481101704B.jpg|buracos-negros-633468ed634847.html|633468
0.0||122374297|2023|352|Um por um|Ruth Ware|Rocco|want_to_read||https://skoob.s3.amazonaws.com/livros/122366947/UM_POR_UM_1699017614122366947SK-V11699017615B.jpg|um-por-um-122366947ed122374297.html|122366947
0.0||440114|2012|105|The Elements of Style|William Strunk Jr., E. B. White|The Elements of Style Press|want_to_read||https://skoob.s3.amazonaws.com/livros/47577/THE_ELEMENTS_OF_STYLE_1399685983B.jpg|the-elements-of-style-47577ed440114.html|47577
0.0||855809|2019|496|O Silmarillion|J. R. R. Tolkien|HarperCollins Brasil|want_to_read||https://skoob.s3.amazonaws.com/livros/314/O_SILMARILLION_2988060636B.jpg|o-silmarillion-314ed855809.html|314
0.0|18.0|476101|2015|592|A guerra dos tronos (Crônicas do Gelo e Fogo #1)|George R. R. Martin|Leya|reading||https://skoob.s3.amazonaws.com/livros/16048/A_GUERRA_DOS_TRONOS_144987398816048SK1449873988B.jpg|a-guerra-dos-tronos-cronicas-do-gelo-e-fogo-1-16048ed476101.html|16048
0.0||357447|2014|480|Doutor Sono (O Iluminado #2)|Stephen King|Suma de Letras|want_to_read||https://skoob.s3.amazonaws.com/livros/319185/DOUTOR_SONO_1636472591319185SK-V11636472613B.jpg|doutor-sono-o-iluminado-2-319185ed357447.html|319185
0.0||885788|2019|336|O Hobbit|J. R. R. Tolkien|HarperCollins Brasil|want_to_read||https://skoob.s3.amazonaws.com/livros/30785/O_HOBBIT_172315233630785SK-V11723152337B.jpg|o-hobbit-30785ed885788.html|30785
0.0||1112450|2020|320|Verity|Colleen Hoover|Galera Record|want_to_read||https://skoob.s3.amazonaws.com/livros/1103675/VERITY_17186815211103675SK-V11718681527B.jpg|verity-1103675ed1112450.html|1103675
5.0|100.0|498254|2015|256|Sobre a escrita|Stephen King|Suma|read|2025-03-25T21:03:02.000Z|https://skoob.s3.amazonaws.com/livros/439740/SOBRE_A_ESCRITA_1663385416439740SK-V11663385417B.jpg|sobre-a-escrita-439740ed498254.html|439740
4.5|100.0|367733|2013|464|Salem|Stephen King|Suma|read|2025-04-24T09:04:45.000Z|https://skoob.s3.amazonaws.com/livros/1655/b5b92aef299a4830af27857155eb65a1.jpg|salem-1655ed367733.html|1655
0.0||122346164|2023|264|Era apenas um presente para o meu irmão|Bruno Ribeiro|Todavia|want_to_read||https://skoob.s3.amazonaws.com/livros/122340297/ERA_APENAS_UM_PRESENTE_PARA_O__1689344434122340297SK-V11689344435B.jpg|era-apenas-um-presente-para-o-meu-irmao-122340297ed122346164.html|122340297
0.0||765|2014|567|O Rei do Inverno (As Crônicas de Artur #1)|Bernard Cornwell|Record|want_to_read||https://skoob.s3.amazonaws.com/livros/583/AS_CRONICAS_DE_ARTUR__VOLUME__1637279329583SK-V11637279344B.jpg|o-rei-do-inverno-as-cronicas-de-artur-1-583ed765.html|583
0.0||936|2004|444|O Arqueiro (A Busca do Graal #1)|Bernard Cornwell|Record|want_to_read||https://skoob.s3.amazonaws.com/livros/715/O_ARQUEIRO_1485988337715SK1485988337B.jpg|o-arqueiro-a-busca-do-graal-1-715ed936.html|715
0.0||367519|2013|392|Trono de Vidro (Trono de Vidro #1)|Sarah J. Maas|Galera Record|want_to_read||https://skoob.s3.amazonaws.com/livros/328079/TRONO_DE_VIDRO_1619649980328079SK-V11619649985B.jpg|trono-de-vidro-trono-de-vidro-1-328079ed367519.html|328079
3.5|100.0|391787|2012|72|O Curioso Caso de Benjamin Button|F. Scott Fitzgerald|Dracaena|read|2025-03-16T22:03:42.000Z|https://skoob.s3.amazonaws.com/livros/10816/O_CURIOSO_CASO_DE_BENJAMIN_BUTTON_1296249757B.jpg|o-curioso-caso-de-benjamin-button-10816ed391787.html|10816
0.0||783138|2018|352|Eu Terei Sumido Na Escuridão|Michelle McNamara|Vestígio|want_to_read||https://skoob.s3.amazonaws.com/livros/778484/EU_TEREI_SUMIDO_NA_ESCURIDAO_1526424530778484SK1526424531B.jpg|eu-terei-sumido-na-escuridao-778484ed783138.html|778484
4.0|100.0|12011074|2015|354|Harry Potter e a Câmara Secreta (Harry Potter #2)|J.K. Rowling|Pottermore Publishing|read|2025-03-24T01:03:51.000Z|https://skoob.s3.amazonaws.com/livros/357/HARRY_POTTER_E_A_CAMARA_SECRET_1655172268357SK-V11655172280B.jpg|harry-potter-e-a-camara-secreta-harry-potter-2-357ed12011074.html|357
0.0||593411|2017|320|Coração Satânico|William Hjortsberg|DarkSide® Books|want_to_read||https://skoob.s3.amazonaws.com/livros/4395/CORACAO_SATANICO_14930701814395SK1493070181B.jpg|coracao-satanico-4395ed593411.html|4395
0.0||571830|2016|320|O Nazista e o Psiquiatra|Jack El-Hai|Planeta|want_to_read||https://skoob.s3.amazonaws.com/livros/571190/O_NAZISTA_E_O_PSIQUIATRA_1457743513571190SK1457743513B.jpg|o-nazista-e-o-psiquiatra-571190ed571830.html|571190
0.0||805795|2018|272|Como as democracias morrem|Steven Levitsky|Zahar|want_to_read||https://skoob.s3.amazonaws.com/livros/802020/COMO_AS_DEMOCRACIAS_MORREM_1534213751802020SK1534213751B.jpg|como-as-democracias-morrem-802020ed805795.html|802020
4.5|100.0|768444|2018|406|A Sabedoria dos Psicopatas|Kevin Dutton|Record|read|2026-07-08T16:50:37.028Z|https://skoob.s3.amazonaws.com/livros/764584/A_SABEDORIA_DOS_PSICOPATAS_1521140380764584SK1521140380B.jpg|a-sabedoria-dos-psicopatas-764584ed768444.html|764584
0.0||882959|2019|288|Laranja mecânica|Anthony Burgess|Aleph|want_to_read||https://skoob.s3.amazonaws.com/livros/1194/LARANJA_MECANICA_16333972741194SK-V11633397444B.jpg|laranja-mecanica-1194ed882959.html|1194
0.0||584137|2016|256|O Menino que Desenhava Monstros|Keith Donohue|DarkSide® Books|want_to_read||https://skoob.s3.amazonaws.com/livros/582587/O_MENINO_QUE_DESENHAVA_MONSTRO_1463293656582587SK1463293656B.jpg|o-menino-que-desenhava-monstros-582587ed584137.html|582587
0.0||3474|2009|240|Fundação (Trilogia da Fundação #1)|Isaac Asimov|Aleph|want_to_read||https://skoob.s3.amazonaws.com/livros/2668/FUNDACAO_14297310452668SK1429731045B.jpg|fundacao-trilogia-da-fundacao-1-2668ed3474.html|2668
0.0||14268|1979|384|Escolha a Catástrofe|Isaac Asimov|Círculo do Livro|want_to_read||https://skoob.s3.amazonaws.com/livros/12898/ESCOLHA_A_CATASTROFE_1233940308B.jpg|escolha-a-catastrofe-12898ed14268.html|12898
0.0||2258|2006|304|O Porco Filósofo|Julian Baggini|Relume Dumará|want_to_read||https://skoob.s3.amazonaws.com/livros/1675/O_PORCO_FILOSOFO_1244256324B.jpg|o-porco-filosofo-1675ed2258.html|1675
0.0||673040|2017|320|Piano Vermelho|Josh Malerman|Intrínseca|want_to_read||https://skoob.s3.amazonaws.com/livros/671143/PIANO_VERMELHO_1496872981671143SK1496872981B.jpg|piano-vermelho-671143ed673040.html|671143
0.0||456029|2003|318|Como fazer amigos e influenciar pessoas|Dale Carnegie|Companhia Editora Nacional|want_to_read||https://skoob.s3.amazonaws.com/livros/774/COMO_FAZER_AMIGOS_E_INFLUENCIAR_PESSOAS_1405701473B.jpg|como-fazer-amigos-e-influenciar-pessoas-774ed456029.html|774
0.0||697982|2017|191|Triste Fim de Policarpo Quaresma (Prazer de Ler)|Lima Barreto|Edições Câmara|want_to_read||https://skoob.s3.amazonaws.com/livros/695/TRISTE_FIM_DE_POLICARPO_QUARES_1500348688695SK1500348689B.jpg|triste-fim-de-policarpo-quaresma-prazer-de-ler-695ed697982.html|695
0.0||709081|2017|104|Iracema (Prazer de Ler)|José de Alencar|Edições Câmara|want_to_read||https://skoob.s3.amazonaws.com/livros/354/IRACEMA_1503542008354SK1503542011B.jpg|iracema-prazer-de-ler-354ed709081.html|354
0.0||550878|2016|187|Demian|Hermann Hesse|Record|want_to_read||https://skoob.s3.amazonaws.com/livros/1420/DEMIAN_14521026441420SK1452102644B.jpg|demian-1420ed550878.html|1420
0.0||891043|2019|320|Medicina dos Horrores|Lindsey Fitzharris|Intrínseca|want_to_read||https://skoob.s3.amazonaws.com/livros/884614/MEDICINA_DOS_HORRORES_1561265195884614SK1561265195B.jpg|medicina-dos-horrores-884614ed891043.html|884614
0.0||672787|2017|266|Na Escuridão da Mente| Paul Tremblay |Bertrand Brasil|want_to_read||https://skoob.s3.amazonaws.com/livros/670894/NA_ESCURIDAO_DA_MENTE_1491845710670894SK1491845711B.jpg|na-escuridao-da-mente-670894ed672787.html|670894
0.0||1163548|2017|338|A mulher na cabine 10 (eBook)|Ruth Ware|Rocco Digital|want_to_read||https://skoob.s3.amazonaws.com/livros/722469/A_MULHER_NA_CABINE__4233230713B.jpg|a-mulher-na-cabine-10-ebook-722469ed1163548.html|722469
0.0||862584|2018|304|Lost in Math|Sabine Hossenfelder|Basic Books|want_to_read||https://skoob.s3.amazonaws.com/livros/858036/LOST_IN_MATH_1551052562858036SK1551052562B.jpg|lost-in-math-858036ed862584.html|858036
0.0||608069|2016|160|A Quarta Revolução Industrial|Klaus Schwab|Edipro|want_to_read||https://skoob.s3.amazonaws.com/livros/607887/A_QUARTA_REVOLUCAO_INDUSTRIAL_1517363698607887SK1517363698B.jpg|a-quarta-revolucao-industrial-607887ed608069.html|607887
0.0||11683180|2020|472|Sapiens|Yuval Noah Harari|Companhia das Letras|want_to_read||https://skoob.s3.amazonaws.com/livros/439373/SAPIENS_1625195409439373SK-V11625195416B.jpg|sapiens-439373ed11683180.html|439373
0.0||28732|2006|512|O mundo assombrado pelos demônios|Carl Sagan|Companhia de Bolso|want_to_read||https://skoob.s3.amazonaws.com/livros/140/O_MUNDO_ASSOMBRADO_PELOS_DEMON_1722998012140SK-V11722998014B.jpg|o-mundo-assombrado-pelos-demonios-140ed28732.html|140
0.0||454461|2014|400|Como Criar Uma Mente|Ray Kurzweil|Aleph|want_to_read||https://skoob.s3.amazonaws.com/livros/401081/COMO_CRIAR_UMA_MENTE_1405036624B.jpg|como-criar-uma-mente-401081ed454461.html|401081
0.0||700680|2017|192|Astrofísica Para Apressados|Neil deGrasse Tyson|Editora Planeta|want_to_read||https://skoob.s3.amazonaws.com/livros/697347/ASTROFISICA_PARA_APRESSADOS_1501038540697347SK1501038541B.jpg|astrofisica-para-apressados-697347ed700680.html|697347
0.0||432254|2014|328|De que é feito o Universo?|Richard Panek|Zahar|want_to_read||https://skoob.s3.amazonaws.com/livros/382199/DE_QUE_E_FEITO_O_UNIVERSO_1396118401B.jpg|de-que-e-feito-o-universo-382199ed432254.html|382199
0.0||2259|2005|544|Breve história de quase tudo|Bill Bryson|Companhia das Letras|want_to_read||https://skoob.s3.amazonaws.com/livros/1676/BREVE_HISTORIA_DE_QUASE_TUDO_1375029346B.jpg|breve-historia-de-quase-tudo-1676ed2259.html|1676
0.0||768315|2018|432|21 lições para o século 21|Yuval Noah Harari|Companhia das Letras|want_to_read||https://skoob.s3.amazonaws.com/livros/764453/21_LICOES_PAR_AO_SECULO_21_1595967547764453SK1595967553B.jpg|21-licoes-para-o-seculo-21-764453ed768315.html|764453
0.0|100.0|921141|2019|378|A corrente|Adrian McKinty|Editora Record|read||https://skoob.s3.amazonaws.com/livros/914737/A_CORRENTE_1700532612914737SK-V11700532614B.jpg|a-corrente-914737ed921141.html|914737
4.5|100.0|486527|2015|256|Uma breve história do tempo|Stephen Hawking|Intrínseca|read|2026-07-23T21:22:02.166Z|https://skoob.s3.amazonaws.com/livros/3708/UMA_BREVE_HISTORIA_DO_TEMPO__14203173293708SK1420317329B.jpg|uma-breve-historia-do-tempo-3708ed486527.html|3708
0.0||514977|2015|384|Origens|Neil deGrasse Tyson|Editora Planeta|want_to_read||https://skoob.s3.amazonaws.com/livros/454675/ORIGENS_1452393311454675SK1452393311B.jpg|origens-454675ed514977.html|454675
0.0||11591989|2019|61|Os Mortos (Grandes Clássicos)| James Joyce|Lebooks Editora|want_to_read||https://skoob.s3.amazonaws.com/livros/1231504/6fa1bd964dfe8a2316cc7ba115ed113cB.jpg|os-mortos-grandes-classicos-1231504ed11591989.html|1231504
0.0||11614544|2015|239|Mais Esperto que o Diabo (E-Book)|Napoleon Hill|Citadel Grupo Editorial|want_to_read||https://skoob.s3.amazonaws.com/livros/1255186/MAIS_ESPERTO_QUE_O_DIABO_O_MI_15936460861255186SK1593646087B.jpg|mais-esperto-que-o-diabo-e-book-1255186ed11614544.html|1255186
2.5|100.0|1003454|2019|192|Cresça 1% ao dia|Fernão Battistoni|Buzz|read|2026-05-22T17:15:32.237Z|https://skoob.s3.amazonaws.com/livros/1001677/CRESCA_1E_AO_DIA_15719367611001677SK1571936762B.jpg|cresca-1-ao-dia-1001677ed1003454.html|1001677
0.0||571374|2016|328|Estatística|Charles Wheelan|Zahar|want_to_read||https://skoob.s3.amazonaws.com/livros/570718/ESTATISTICA_1457543525570718SK1457543525B.jpg|estatistica-570718ed571374.html|570718
0.0||11975180|2021|66|Garotos Mortos Não Contam Segredos (Garotos Mortos #1)|Mark Miller|Mark Miller LTDA.|want_to_read||https://skoob.s3.amazonaws.com/livros/11984042/GAROTOS_MORTOS_NAO_CONTAM_SEGR_162958633711984042SK-V11629586339B.jpg|garotos-mortos-nao-contam-segredos-garotos-mortos-1-11984042ed11975180.html|11984042
3.5|100.0|11663220|2020|22|O homem que sabia javanês|Lima Barreto|Itapuca|read|2025-03-10T18:03:05.000Z|https://skoob.s3.amazonaws.com/livros/11645843/ac8d6bc9cc182c2038588364bea2e1beB.jpg|o-homem-que-sabia-javanes-11645843ed11663220.html|11645843
4.0|100.0|741160|2017|69|A Arte de Ter Razão. 38 Estratagemas|Arthur Schopenhauer|Vozes|read|2025-03-11T22:03:00.000Z|https://skoob.s3.amazonaws.com/livros/738551/161e61144b952fae1092065af54c386bB.jpg|a-arte-de-ter-razao-38-estratagemas-738551ed741160.html|738551
4.0|100.0|122221348|2023|296|A Longa Marcha (Os Livros de Bachman #1)|Stephen King|Suma|read|2025-05-26T01:05:03.000Z|https://skoob.s3.amazonaws.com/livros/84157/A_LONGA_MARCHA_166563590312246603SK-V11665635903B.jpg|a-longa-marcha-os-livros-de-bachman-1-84157ed122221348.html|84157
0.0|27.0|355150|2013|416|Sombras da noite|Stephen King|Suma|reading||https://skoob.s3.amazonaws.com/livros/1064/SOMBRAS_DA_NOITE_16632155001064SK-V11663215501B.jpg|sombras-da-noite-1064ed355150.html|1064
0.0||965036|2019|604|A Sociedade do Anel (O Senhor dos Anéis #1)|J.R.R Tolkien|HarperCollins Brasil|want_to_read||https://skoob.s3.amazonaws.com/livros/13988/A_SOCIEDADE_DO_ANEL_2266617352B.jpg|a-sociedade-do-anel-o-senhor-dos-aneis-1-13988ed965036.html|13988
0.0||685213|2017|384|Mindhunter|John Douglas|Intrínseca|want_to_read||https://skoob.s3.amazonaws.com/livros/682797/MINDHUNTER_1503778263682797SK1503778263B.jpg|mindhunter-682797ed685213.html|682797
5.0|100.0|11801138|2021|192|Depois|Stephen King|Suma|read|2025-03-09T19:03:03.000Z|https://skoob.s3.amazonaws.com/livros/11799948/DEPOIS_162667596611799948SK-V11626675967B.jpg|depois-11799948ed11801138.html|11799948
0.0||370561|2013|1248|A dança da morte|Stephen King|Suma|want_to_read||https://skoob.s3.amazonaws.com/livros/2027/A_DANCA_DA_MORTE_16632133522027SK-V11663213354B.jpg|a-danca-da-morte-2027ed370561.html|2027
0.0||11683328|2020|656|Trocas macabras (Biblioteca Stephen King)|Stephen King|Suma|want_to_read||https://skoob.s3.amazonaws.com/livros/8734/TROCAS_MACABRAS_16334873888734SK-V11633487393B.jpg|trocas-macabras-biblioteca-stephen-king-8734ed11683328.html|8734
0.0||347|2004|432|O Código Da Vinci (Robert Langdon #2)|Dan Brown|Sextante|want_to_read||https://skoob.s3.amazonaws.com/livros/248/O_CODIGO_DA_VINCI_1244377694B.jpg|o-codigo-da-vinci-robert-langdon-2-248ed347.html|248
4.0|100.0|11680840|2015|312|Harry Potter e a Pedra Filosofal (Harry Potter #1)|J.K. Rowling|Pottermore Publishing|read|2025-03-05T23:03:48.000Z|https://skoob.s3.amazonaws.com/livros/108/HARRY_POTTER_E_A_PEDRA_FILOSOF_1671424548108SK-V11671424560B.jpg|harry-potter-e-a-pedra-filosofal-harry-potter-1-108ed11680840.html|108
0.0||673523|2017|680|Duna (Crônicas de Duna #1)|Frank Hebert|Aleph|want_to_read||https://skoob.s3.amazonaws.com/livros/2278/DUNA_14922665702278SK1492266571B.jpg|duna-cronicas-de-duna-1-2278ed673523.html|2278
0.0||122417542|2024|352|Uma família feliz|Raphael Montes|Companhia das Letras|want_to_read||https://skoob.s3.amazonaws.com/livros/122414997/UMA_FAMILIA_FELIZ_1706015871122414997SK-V11706015872B.jpg|uma-familia-feliz-122414997ed122417542.html|122414997
5.0|100.0|690354|2017|430|Suicidas|Raphael Montes|Companhia das Letras|read|2025-06-12T21:06:21.000Z|https://skoob.s3.amazonaws.com/livros/253528/SUICIDAS_1498927512253528SK1498927512B.jpg|suicidas-253528ed690354.html|253528
0.0||122422356|2023|384|Projetando sistemas de Machine Learning|Chip Huyen|Altabooks|want_to_read||https://skoob.s3.amazonaws.com/livros/122419517/PROJETANDO_SISTEMAS_DE_MACHINE_1707144771122419517SK-V11707144772B.jpg|projetando-sistemas-de-machine-learning-122419517ed122422356.html|122419517
4.0|100.0|122562340|2023|322|Como Fazer Grandes Coisas|Bent Flyvbjerg, Dan Gardner|&#8206; Citadel Editora|read|2025-06-26T18:06:58.000Z|https://skoob.s3.amazonaws.com/livros/122429168/COMO_FAZER_GRANDES_COISAS_1743084710122429168SK-V11743084710B.jpg|como-fazer-grandes-coisas-122429168ed122562340.html|122429168
0.0||11932628|2021|544|Crime e Castigo|Fiódor Dostoiévski|Pé da letra|want_to_read||https://skoob.s3.amazonaws.com/livros/219/CRIME_E_CASTIGO_216202327B.jpg|crime-e-castigo-219ed11932628.html|219
3.5|100.0|949738|2018|224|Do mil ao milhão. Sem cortar o cafezinho|Thiago Nigro|HarperCollins Brasil|read|2025-02-21T00:02:32.000Z|https://skoob.s3.amazonaws.com/livros/814827/DO_MIL_AO_MILHO_SEM_CORTAR_O_CAFEZINHO_290334372B.jpg|do-mil-ao-milhao-sem-cortar-o-cafezinho-814827ed949738.html|814827
4.0|100.0|674848|2017|264|Entendendo Algoritmos|Aditya Y. Bhargava|Novatec|read|2024-01-18T03:00:00.000Z|https://skoob.s3.amazonaws.com/livros/672865/ENTENDENDO_ALGORITMOS_1492540256672865SK1492540256B.jpg|entendendo-algoritmos-672865ed674848.html|672865
4.5|100.0|375484|2013|192|Um estudo em vermelho (Clássicos Zahar)|Arthur Conan Doyle|Zahar|read|2025-02-17T22:02:07.000Z|https://skoob.s3.amazonaws.com/livros/587/UM_ESTUDO_EM_VERMELHO_1538688716587SK1538688718B.jpg|um-estudo-em-vermelho-classicos-zahar-587ed375484.html|587
0.0||11693073|2021|176|Estados Unidos (História na Universidade #14)|Vitor Izecksohn|Contexto|want_to_read||https://skoob.s3.amazonaws.com/livros/11677411/ESTADOS_UNIDOS_161229890811677411SK-V11612298908B.jpg|estados-unidos-historia-na-universidade-14-11677411ed11693073.html|11677411
0.0||868771|2019|160|História Medieval (História na Universidade)|Marcelo Cândido da Silva|Contexto|want_to_read||https://skoob.s3.amazonaws.com/livros/863771/HISTORIA_MEDIEVAL_1553177506863771SK1553177506B.jpg|historia-medieval-historia-na-universidade-863771ed868771.html|863771
4.0|100.0|11616264|2020|144|Práticas de pesquisa em história (História na Universidade #13)|Tania Regina de Luca|Contexto|read|2025-02-28T03:02:33.000Z|https://skoob.s3.amazonaws.com/livros/1256977/PRATICAS_DE_PESQUISA_EM_HISTOR_15938927761256977SK1593892776B.jpg|praticas-de-pesquisa-em-historia-historia-na-universidade-13-1256977ed11616264.html|1256977
0.0||122403989|2024|256|História Ibérica (História na Universidade #16)|Ana Nemi|Editora Contexto|want_to_read||https://skoob.s3.amazonaws.com/livros/122402248/HISTORIA_IBERICA_1703249611122402248SK-V11703249612B.jpg|historia-iberica-historia-na-universidade-16-122402248ed122403989.html|122402248
0.0||122348075|2023|160|História da Ásia (História na Universidade #15)|Fernando Pureza|Contexto|want_to_read||https://skoob.s3.amazonaws.com/livros/122342103/HISTORIA_DA_SIA_1689799464122342103SK-V11689799465B.jpg|historia-da-asia-historia-na-universidade-15-122342103ed122348075.html|122342103
0.0||445141|2014|208|História da América Latina|Maria Lígia Prado|Contexto|want_to_read||https://skoob.s3.amazonaws.com/livros/393267/HISTORIA_DA_AMERICA_LATINA_1401218235B.jpg|historia-da-america-latina-393267ed445141.html|393267
0.0||433831|2014|192|História da África|José Rivair Macedo|Contexto|want_to_read||https://skoob.s3.amazonaws.com/livros/383476/HISTORIA_DA_FRICA_1527454678383476SK1527454679B.jpg|historia-da-africa-383476ed433831.html|383476
0.0||428796|2021|158|História moderna (HISTÓRIA NA UNIVERSIDADE)|Paulo Miceli|Contexto|want_to_read||https://skoob.s3.amazonaws.com/livros/379283/HISTORIA_MODERNA_1394502927B.jpg|historia-moderna-historia-na-universidade-379283ed428796.html|379283
0.0||551438|2015|160|História do Brasil Contemporâneo (História na Universidade)|Carlos Fico|Contexto|want_to_read||https://skoob.s3.amazonaws.com/livros/541937/HISTORIA_DO_BRASIL_CONTEMPORAN_1450226485541937SK1450226485B.jpg|historia-do-brasil-contemporaneo-historia-na-universidade-541937ed551438.html|541937
0.0||11616259|2020|160|História Contemporânea 2 (História na Universidade #13)|Marcos Napolitano|Contexto|want_to_read||https://skoob.s3.amazonaws.com/livros/1256972/HISTORIA_CONTEMPORANEA_15938925561256972SK1593892557B.jpg|historia-contemporanea-2-historia-na-universidade-13-1256972ed11616259.html|1256972
0.0||704831|2017|176|História Contemporânea (História na Universidade)|Luís Edmundo Moraes|Contexto|want_to_read||https://skoob.s3.amazonaws.com/livros/703749/HISTORIA_CONTEMPORANEA_1502297919703749SK1502297920B.jpg|historia-contemporanea-historia-na-universidade-703749ed704831.html|703749
0.0||358116|2013|176|História Antiga|Norberto Luiz Guarinello|Contexto|want_to_read||https://skoob.s3.amazonaws.com/livros/319767/HISTORIA_ANTIGA_1367341190B.jpg|historia-antiga-319767ed358116.html|319767
0.0||749666|2018|200|Grécia e Roma|Pedro Paulo Funari|Contexto|want_to_read||https://skoob.s3.amazonaws.com/livros/746658/GRECIA_E_ROMA_1515782064746658SK1515782065B.jpg|grecia-e-roma-746658ed749666.html|746658
4.0|100.0|654574|2016|96|A Escravidão no Brasil (Nova Edição)|Jaime Pinsky|Contexto|read|2025-02-22T01:02:30.000Z|https://skoob.s3.amazonaws.com/livros/14995/ESCRAVIDO_NO_BRASIL_4199706214B.jpg|a-escravidao-no-brasil-nova-edicao-14995ed654574.html|14995
0.0||586156|2016|352|Achados e Perdidos (Bill Hodges #2)|Stephen King|Suma de Letras|want_to_read||https://skoob.s3.amazonaws.com/livros/584509/ACHADOS_E_PERDIDOS_1463492037584509SK1463492037B.jpg|achados-e-perdidos-bill-hodges-2-584509ed586156.html|584509
0.0||429202|2016|400|Mr. Mercedes (Bill Hodges #1)|Stephen King|Suma de Letras|want_to_read||https://skoob.s3.amazonaws.com/livros/379602/MR_MERCEDES_1454350725379602SK1454350725B.jpg|mr-mercedes-bill-hodges-1-379602ed429202.html|379602
0.0||595749|2016|344|Último Turno (Bill Hodges #3)|Stephen King|Suma de Letras|want_to_read||https://skoob.s3.amazonaws.com/livros/594493/LTIMO_TURNO_1467460666594493SK1467460666B.jpg|ultimo-turno-bill-hodges-3-594493ed595749.html|594493
4.0|100.0|640365|2016|442|Data Science do Zero|Joel Grus|Alta Books|read|2025-07-25T20:07:14.000Z|https://skoob.s3.amazonaws.com/livros/638730/DATA_SCIENCE_DO_ZERO_1514551161638730SK1514551161B.jpg|data-science-do-zero-638730ed640365.html|638730
0.0||1042514|2019|272|Machine Learning - Guia de Referência Rápida|Matt Harrison|Novatec Editora|want_to_read||https://skoob.s3.amazonaws.com/livros/1040045/MACHINE_LEARNING__GUIA_DE_REF_15765937921040045SK1576593793B.jpg|machine-learning-guia-de-referencia-rapida-1040045ed1042514.html|1040045
4.5|100.0|1043649|2019|576|Mãos à Obra: Aprendizado de Máquina com Scikit-Learn & TensorFlow|Aurélien Géron|Alta Books|read|2023-12-03T00:00:00.000Z|https://skoob.s3.amazonaws.com/livros/1041172/ca826bed03073168e2bf83372d34a154B.jpg|maos-a-obra-aprendizado-de-maquina-com-scikit-learn-e-tensorflow-1041172ed1043649.html|1041172
4.0|100.0|296608|2012|160|Introdução às Expressões Regulares|Introdução às Expressões Regulares|Novatec Editora|read|2025-02-06T00:02:12.000Z|https://skoob.s3.amazonaws.com/livros/264545/INTRODUCAO_AS_EXPRESSOES_REGULARES_1346957087B.jpg|introducao-as-expressoes-regulares-264545ed296608.html|264545
4.0|100.0|376317|2013|416|1889|Laurentino Gomes|Globo Livros|read|2025-11-20T04:15:30.054Z|https://skoob.s3.amazonaws.com/livros/335692/1889_1509036626335692SK1509036627B.jpg|1889-335692ed376317.html|335692
3.5|100.0|122494079|2024|288|Engenharia de Software para Cientistas de Dados|Catherine Nelson|Novatec Editora|read|2025-07-14T02:07:07.000Z|https://skoob.s3.amazonaws.com/livros/122493630/ENGENHARIA_DE_SOFTWARE_PARA_CI_1724777457122493630SK-V11724777457B.jpg|engenharia-de-software-para-cientistas-de-dados-122493630ed122494079.html|122493630
0.0|24.0|720472|2017|224|Microsserviços prontos para a produção|Susan J. Fowler|Novatec|reading||https://skoob.s3.amazonaws.com/livros/718698/MICROSSERVICOS_PRONTOS_PARA_A__1507060254718698SK1507060254B.jpg|microsservicos-prontos-para-a-producao-718698ed720472.html|718698
4.0|100.0|122395132|2023|528|Fundamentos de Engenharia de Dados|Joe Reis|Novatec Editora|read|2025-04-15T19:04:05.000Z|https://skoob.s3.amazonaws.com/livros/122386623/FUNDAMENTOS_DE_ENGENHARIA_DE_D_1701182690122386623SK-V11701182691B.jpg|fundamentos-de-engenharia-de-dados-122386623ed122395132.html|122386623
4.0|100.0|122407381|2024|281|A Revolução da Inteligência Artificial na Medicina|Peter Lee|Artmed|read|2025-10-07T03:00:00.000Z|https://skoob.s3.amazonaws.com/livros/122405460/A_REVOLUCAO_DA_INTELIGENCIA_AR_1703955218122405460SK-V11703955219B.jpg|a-revolucao-da-inteligencia-artificial-na-medicina-122405460ed122407381.html|122405460
0.0||647420|2017|352|Matéria escura|Blake Crouch|Intrínseca|want_to_read||https://skoob.s3.amazonaws.com/livros/645465/MATERIA_ESCURA_1484658590645465SK1484658590B.jpg|materia-escura-645465ed647420.html|645465
4.5|100.0|655451|2017|200|Suicide Club|Usamaru Furuya|NewPOP|read|2024-07-29T00:00:00.000Z|https://skoob.s3.amazonaws.com/livros/653622/SUICIDE_CLUB_1486688462653622SK1486688462B.jpg|suicide-club-653622ed655451.html|653622
0.0||619798|2016|176|História do Brasil República|Marcos Napolitano|Contexto|want_to_read||https://skoob.s3.amazonaws.com/livros/619155/HISTORIA_DO_BRASIL_REPUBLICA__1476190874619155SK1476190874B.jpg|historia-do-brasil-republica-619155ed619798.html|619155
0.0||695399|2017|176|História do Brasil Império (História na Universidade)|Miriam Dolhnikoff|Contexto|want_to_read||https://skoob.s3.amazonaws.com/livros/692417/HISTORIA_DO_BRASIL_IMPERIO_1499309787692417SK1499309787B.jpg|historia-do-brasil-imperio-historia-na-universidade-692417ed695399.html|692417
4.0|100.0|539599|2015|176|História do Brasil Colônia (História na universidade)|Laima Mesgravis|Contexto|read|2025-04-30T23:04:00.000Z|https://skoob.s3.amazonaws.com/livros/531106/HISTORIA_DO_BRASIL_COLONIA_1617120995531106SK-V11617120995B.jpg|historia-do-brasil-colonia-historia-na-universidade-531106ed539599.html|531106
0.0||465719|2014|360|Arquivos Serial Killers: Made in Brazil|Ilana Casoy|DarkSide® Books|want_to_read||https://skoob.s3.amazonaws.com/livros/2419/ARQUIVOS_SERIAL_KILLERS_MADE_IN_BRAZIL_1409685987B.jpg|arquivos-serial-killers-made-in-brazil-2419ed465719.html|2419
4.0|100.0|607024|2015|368|O povo brasileiro|Darcy Ribeiro|Global|read|2025-11-14T18:53:52.264Z|https://skoob.s3.amazonaws.com/livros/2307/O_POVO_BRASILEIRO_A_FORMAO_E_O_SENTIDO_DO_BRASIL_708699378B.jpg|o-povo-brasileiro-2307ed607024.html|2307
4.5|100.0|122431940|2024|432|Palestina|Rashid Khalidi|Todavia|read|2026-04-24T11:34:47.749Z|https://skoob.s3.amazonaws.com/livros/859381/PALESTINA_1709685675859381SK-V11709685676B.jpg|palestina-859381ed122431940.html|859381
0.0||122473063|2024|400|O massacre da família Hope|Riley Sager|Intrínseca|want_to_read||https://skoob.s3.amazonaws.com/livros/122470956/O_MASSACRE_DA_FAMILIA_HOPE_1739057649122470956SK-V11739057651B.jpg|o-massacre-da-familia-hope-122470956ed122473063.html|122470956
0.0||80|2006|176|Os Segredos Da Mente Milionária|T. Harv Eker|Sextante|want_to_read||https://skoob.s3.amazonaws.com/livros/60/OS_SEGREDOS_DA_MENTE_MILIONARI_168096449860SK-V11680964500B.jpg|os-segredos-da-mente-milionaria-60ed80.html|60
4.5|100.0|122405546|2015|224|Fragments of Horror|Junji Ito|VIZ Signature|read|2023-01-21T00:00:00.000Z|https://skoob.s3.amazonaws.com/livros/513090/FRAGMENTS_OF_HORROR_1703625793513090SK-V11703625794B.jpg|fragments-of-horror-513090ed122405546.html|513090
4.5|100.0|620198|2016|362|Jantar secreto|Raphael Montes|Companhia das Letras|read|2025-05-18T00:05:29.000Z|https://skoob.s3.amazonaws.com/livros/619544/JANTAR_SECRETO_1476738260619544SK1476738260B.jpg|jantar-secreto-619544ed620198.html|619544
3.0|100.0|867552|2019|144|Gatilhos Mentais|Gustavo Ferreira|DVS Editora|read|2025-02-05T19:02:08.000Z|https://skoob.s3.amazonaws.com/livros/862632/GATILHOS_MENTAIS_1552763638862632SK1552763638B.jpg|gatilhos-mentais-862632ed867552.html|862632
0.0||47509|2009|248|Quem Pensa Enriquece|Napoleon Hill|Editora Fundamento|want_to_read||https://skoob.s3.amazonaws.com/livros/43340/QUEM_PENSA_ENRIQUECE_1397137714B.jpg|quem-pensa-enriquece-43340ed47509.html|43340
0.0||12144190|2022|368|O Homem de Palha|Pablo Zorzi|Astral Cultural|want_to_read||https://skoob.s3.amazonaws.com/livros/12162026/O_HOMEM_DE_PALHA_165818107812162026SK-V11658181079B.jpg|o-homem-de-palha-12162026ed12144190.html|12162026
4.0|100.0|11960260|2021|304|O Gambito da Rainha|Walter Tevis|Arqueiro|read|2025-06-28T13:06:44.000Z|https://skoob.s3.amazonaws.com/livros/11927567/O_GAMBITO_DA_RAINHA_162767602411927567SK-V11627676025B.jpg|o-gambito-da-rainha-11927567ed11960260.html|11927567
4.0|100.0|118175|2010|400|Jogos Vorazes (Trilogia Jogos Vorazes #1)|Suzanne Collins|Rocco|read|2025-04-05T12:04:32.000Z|https://skoob.s3.amazonaws.com/livros/106468/JOGOS_VORAZES_1447803914106468SK1447803914B.jpg|jogos-vorazes-trilogia-jogos-vorazes-1-106468ed118175.html|106468
4.0|100.0|11922489|2021|272|Convite para um homicídio|Agatha Christie|HarperCollins Brasil|read|2025-02-09T23:02:45.000Z|https://skoob.s3.amazonaws.com/livros/1044/CONVITE_PARA_UM_HOMICIDIO_16231744511044SK-V11623174459B.jpg|convite-para-um-homicidio-1044ed11922489.html|1044
4.0|100.0|772639|2018|424|Orgulho e Preconceito|Jane Austen|Martin Claret|read|2026-01-04T21:14:07.373Z|https://skoob.s3.amazonaws.com/livros/819/ORGULHO_E_PRECONCEITO_3655304220B.jpg|orgulho-e-preconceito-819ed772639.html|819
4.0|100.0|534093|2015|376|1822|Laurentino Gomes|Globo Livros|read|2025-05-15T21:05:35.000Z|https://skoob.s3.amazonaws.com/livros/120387/1822_1441919716120387SK1441919716B.jpg|1822-120387ed534093.html|120387
4.5|100.0|461799|2014|384|1808|Laurentino Gomes|Globo Livros|read|2025-03-08T21:03:53.000Z|https://skoob.s3.amazonaws.com/livros/63/1808_1408049552B.jpg|1808-63ed461799.html|63
0.0||122520180|2024|0|Onde está Agatha Christie?|Gli Ascoltabili|Audible Originals|want_to_read||https://skoob.s3.amazonaws.com/livros/122518563/ONDE_ESTA_AGATHA_CHRISTIE_1730742289122518563SK-V11730742289B.jpg|onde-esta-agatha-christie-122518563ed122520180.html|122518563
0.0||11951336|2021|200|A História da Filosofia para Quem Tem Pressa (Para quem tem pressa #1)|Lesley Levene|Valentina|want_to_read||https://skoob.s3.amazonaws.com/livros/11958821/A_HISTORIA_DA_FILOSOFIA_PARA_Q_162637389011958821SK-V11626373891B.jpg|a-historia-da-filosofia-para-quem-tem-pressa-para-quem-tem-pressa-1-11958821ed11951336.html|11958821
4.5|100.0|843059|2018|208|Ponto de inflexão|Flávio Augusto da Silva|Buzz Editora|read|2025-02-02T00:02:17.000Z|https://skoob.s3.amazonaws.com/livros/838022/PONTO_DE_INFLEXAO_1568892114838022SK1568892115B.jpg|ponto-de-inflexao-838022ed843059.html|838022
5.0|100.0|737949|2018|248|Todo dia a mesma noite|Daniela Arbex|Intrínseca|read|2025-03-15T15:03:53.000Z|https://skoob.s3.amazonaws.com/livros/735426/TODO_DIA_A_MESMA_NOITE_1512409531735426SK1512409532B.jpg|todo-dia-a-mesma-noite-735426ed737949.html|735426
0.0||854324|2019|368|O Morro dos Ventos Uivantes|Emily Brontë|Principis|want_to_read||https://skoob.s3.amazonaws.com/livros/110/O_MORRO_DOS_VENTOS_UIVANTES_2203798472B.jpg|o-morro-dos-ventos-uivantes-110ed854324.html|110
0.0||1016|2006|326|Memórias de Adriano (40 Anos 40 Livros)|Marguerite Yourcenar|Nova Fronteira|want_to_read||https://skoob.s3.amazonaws.com/livros/782/MEMORIAS_DE_ADRIANO_1324783379B.jpg|memorias-de-adriano-40-anos-40-livros-782ed1016.html|782
4.0|100.0|12111678|2021|94|Sobre a Brevidade da Vida|Lúcio Aneu Sêneca|Camelot|read|2025-01-12T00:00:00.000Z|https://skoob.s3.amazonaws.com/livros/7099/SOBRE_A_BREVIDADE_DA_VIDA_16474325107099SK-V11647432511B.jpg|sobre-a-brevidade-da-vida-7099ed12111678.html|7099
3.5|100.0|11992763|2021|240|João de Deus|Cristina Fibe|Globo Livros|read|2025-07-17T17:07:33.000Z|https://skoob.s3.amazonaws.com/livros/12002952/JOAO_DE_DEUS_163157133612002952SK-V11631571338B.jpg|joao-de-deus-12002952ed11992763.html|12002952
4.5|100.0|122521665|2024|195|Maníaco do Parque: um serial killer entre nós|Marianna Romano, Thaís Nunes|Audible Studios para Amazon Serviços de Varejo do Brasil Ltda|read|2025-01-10T10:01:22.000Z|https://skoob.s3.amazonaws.com/livros/122519952/MANIACO_DO_PARQUE_UM_SERIAL_K_1731260718122519952SK-V11731260718B.jpg|maniaco-do-parque-um-serial-killer-entre-nos-122519952ed122521665.html|122519952
0.0||1159301|2020|240|Purgatório (A Divina Comédia #2)|Dante Alighieri|Principis|abandoned||https://skoob.s3.amazonaws.com/livros/1158337/A_DIVINA_COMEDIA_15901773771158337SK1590177378B.jpg|purgatorio-a-divina-comedia-2-1158337ed1159301.html|1158337
0.0||1159297|2020|240|Paraíso (A Divina Comédia #3)|Dante Alighieri|Principis|abandoned||https://skoob.s3.amazonaws.com/livros/1158333/A_DIVINA_COMEDIA_15901779211158333SK1590177921B.jpg|paraiso-a-divina-comedia-3-1158333ed1159297.html|1158333
3.5|100.0|1159280|2020|240|Inferno (A Divina Comédia #1)|Dante Alighieri|Principis|read|2025-01-26T00:01:54.000Z|https://skoob.s3.amazonaws.com/livros/1158315/A_DIVINA_COMEDIA_15901770981158315SK1590177099B.jpg|inferno-a-divina-comedia-1-1158315ed1159280.html|1158315
3.5|100.0|891339|2019|96|O Médico e o Monstro|Robert Louis Stevenson|Principis|read|2025-02-26T00:02:40.000Z|https://skoob.s3.amazonaws.com/livros/1128/O_MDICO_E_O_MONSTRO_3961387787B.jpg|o-medico-e-o-monstro-1128ed891339.html|1128
4.0|100.0|11811778|2021|304|A Psicologia Financeira|Morgan Housel|HarperCollins Brasil|read|2025-01-07T16:01:06.000Z|https://skoob.s3.amazonaws.com/livros/11811053/A_PSICOLOGIA_FINANCEIRA_161367962211811053SK-V11613679622B.jpg|a-psicologia-financeira-11811053ed11811778.html|11811053
0.0||11757332|2021|208|Dentro da Baleia e outros Ensaios|George Orwell|Principis|want_to_read||https://skoob.s3.amazonaws.com/livros/11843654/DENTRO_DA_BALEIA_E_OUTROS_ENSAIOS_1891205756B.jpg|dentro-da-baleia-e-outros-ensaios-11843654ed11757332.html|11843654
0.0|24.0|360331|2013|400|À espera de um milagre|Stephen King|Suma de Letras|reading||https://skoob.s3.amazonaws.com/livros/936/_ESPERA_DE_UM_MILAGRE_1663213563936SK-V11663213565B.jpg|a-espera-de-um-milagre-936ed360331.html|936
0.0||386750|2013|463|Tudo É Eventual|Stephen King|Suma das Letras|want_to_read||https://skoob.s3.amazonaws.com/livros/4620/TUDO__EVENTUAL_16280949764620SK-V11628094979B.jpg|tudo-e-eventual-4620ed386750.html|4620
0.0||362636|2013|624|Tripulação de esqueletos|Stephen King|Suma|want_to_read||https://skoob.s3.amazonaws.com/livros/1578/TRIPULACAO_DE_ESQUELETOS_16632164331578SK-V11663216434B.jpg|tripulacao-de-esqueletos-1578ed362636.html|1578
3.0|100.0|122412543|2024|192|S. Bernardo|Graciliano Ramos|Penguin-Companhia|read|2026-01-23T02:17:49.640Z|https://skoob.s3.amazonaws.com/livros/1918/S_BERNARDO_17049208581918SK-V11704920860B.jpg|s-bernardo-1918ed122412543.html|1918
5.0|100.0|11901530|2021|424|Devoradores de estrelas|Andy Weir|Suma|read|2025-07-24T13:07:07.000Z|https://skoob.s3.amazonaws.com/livros/11905514/DEVORADORES_DE_ESTRELAS_162078343511905514SK-V11620783436B.jpg|devoradores-de-estrelas-11905514ed11901530.html|11905514
4.5|100.0|12191573|2022|480|2041|Kai-Fu Lee|Globo Livros|read|2025-02-12T00:02:09.000Z|https://skoob.s3.amazonaws.com/livros/12210410/2041_165852834112210410SK-V11658528341B.jpg|2041-12210410ed12191573.html|12210410
5.0|100.0|882127|2015|124|O Vilarejo|Raphael Montes|Objetiva|read|2025-01-12T21:01:24.000Z|https://skoob.s3.amazonaws.com/livros/876229/O_VILAREJO_1674317265876229SK-V11674317266B.jpg|o-vilarejo-876229ed882127.html|876229
0.0|11.0|597878|2016|320|O problema dos três corpos (O Problema Dos Três Corpos #1)|Cixin Liu|Suma de Letras|want_to_read||https://skoob.s3.amazonaws.com/livros/596455/O_PROBLEMA_DOS_TRES_CORPOS_1716855901596455SK-V11716855902B.jpg|o-problema-dos-tres-corpos-o-problema-dos-tres-corpos-1-596455ed597878.html|596455
4.5|100.0|1097679|2019|144|1922|Stephen King|Scribner|read||https://skoob.s3.amazonaws.com/livros/1094667/24d1f7905c8e300554621ef76ded0a16B.jpg|1922-1094667ed1097679.html|1094667
4.5|100.0|905862|2019|160|A arte da guerra|Sun Tzu|Principis|read|2025-01-29T20:01:52.000Z|https://skoob.s3.amazonaws.com/livros/899667/00a7bc2f07d9ecfa91a360ce4cf2453dB.jpg|a-arte-da-guerra-899667ed905862.html|899667
3.5|100.0|70776|2006|135|O Brasil Tem Jeito?|Arthur Ituassu e Rodrigo de Almeida|Jorge Zahar|read|2025-07-25T00:00:00.000Z|https://skoob.s3.amazonaws.com/livros/64112/O_BRASIL_TEM_JEITO_1342198956B.jpg|o-brasil-tem-jeito-64112ed70776.html|64112
0.0||360599|2013|368|Guerra Mundial Z|Max Brooks|Rocco|want_to_read||https://skoob.s3.amazonaws.com/livros/110921/GUERRA_MUNDIAL_Z_1450388473110921SK1450388473B.jpg|guerra-mundial-z-110921ed360599.html|110921
4.0|100.0|296226|2012|232|Carcereiros|Drauzio Varella|Companhia das Letras|read|2025-01-18T03:01:04.000Z|https://skoob.s3.amazonaws.com/livros/264255/CARCEREIROS_1350327530B.jpg|carcereiros-264255ed296226.html|264255
0.0|100.0|262799|2010|192|Praticamente inofensiva (O Mochileiro das Galáxias #5)|Douglas Adams|Arqueiro|read|2025-05-07T00:00:00.000Z|https://skoob.s3.amazonaws.com/livros/675/PRATICAMENTE_INOFENSIVA_1362493987B.jpg|praticamente-inofensiva-o-mochileiro-das-galaxias-5-675ed262799.html|675
0.0|100.0|219876|2010|208|Até mais, e obrigado pelos peixes! (O Mochileiro das Galáxias #4)|Douglas Adams|Sextante|read|2026-07-27T16:40:47.914Z|https://skoob.s3.amazonaws.com/livros/674/ATE_MAISN_E_OBRIGADO_PELOS_PEI_1446926709674SK1446926709B.jpg|ate-mais-e-obrigado-pelos-peixes-o-mochileiro-das-galaxias-4-674ed219876.html|674
0.0|100.0|166723|2009|160|A vida, o universo e tudo mais (O Mochileiro das Galáxias #3)|Douglas Adams|Sextante|read|2026-05-09T00:47:30.100Z|https://skoob.s3.amazonaws.com/livros/315/A_VIDAN_O_UNIVERSO_E_TUDO_MAIS_1549919132315SK1549919140B.jpg|a-vida-o-universo-e-tudo-mais-o-mochileiro-das-galaxias-3-315ed166723.html|315
4.0|100.0|439870|2009|240|O restaurante no fim do universo (O Mochileiro das Galáxias #2)|Douglas Adams|Arqueiro|read|2026-03-14T12:10:53.854Z|https://skoob.s3.amazonaws.com/livros/220/O_RESTAURANTE_NO_FIM_DO_UNIVERSO_1399576981B.jpg|o-restaurante-no-fim-do-universo-o-mochileiro-das-galaxias-2-220ed439870.html|220
5.0|100.0|344547|2010|208|O guia do mochileiro das galáxias (O Mochileiro das Galáxias #1)| Douglas Adams|Arqueiro|read|2025-05-08T23:05:30.000Z|https://skoob.s3.amazonaws.com/livros/225/O_GUIA_DO_MOCHILEIRO_DAS_GALAXIAS_1362493400B.jpg|o-guia-do-mochileiro-das-galaxias-o-mochileiro-das-galaxias-1-225ed344547.html|225
0.0||508221|2015|160|O Homem Mais Rico Da Babilônia|George S. Clason|Nova Fronteira|want_to_read||https://skoob.s3.amazonaws.com/livros/2349/O_HOMEM_MAIS_RICO_DA_BABILONIA_14348618252349SK1434861825B.jpg|o-homem-mais-rico-da-babilonia-2349ed508221.html|2349
0.0||412608|2009|416|1984|George Orwell|Companhia das Letras|want_to_read||https://skoob.s3.amazonaws.com/livros/941/1984_1690215900941SK-V11690215907B.jpg|1984-941ed412608.html|941
0.0||1193995|2020|368|Drácula|Bram Stoker|Principis|want_to_read||https://skoob.s3.amazonaws.com/livros/84/DRCULA_910584338B.jpg|dracula-84ed1193995.html|84
0.0||900596|2019|240|Frankenstein|Mary Shelley|Principis|want_to_read||https://skoob.s3.amazonaws.com/livros/1161/FRANKENSTEIN_1104205924B.jpg|frankenstein-1161ed900596.html|1161
0.0||11631360|2020|320|O Fantasma da Ópera (Mistério & Suspense)|Gaston Leroux|Principis|want_to_read||https://skoob.s3.amazonaws.com/livros/1272663/31af6fd63d1451b60bc6594674a92ac1B.jpg|o-fantasma-da-opera-misterio-e-suspense-1272663ed11631360.html|1272663
0.0||11609564|2020|240|O Retrato de Dorian Gray|Oscar Wilde|Principis|want_to_read||https://skoob.s3.amazonaws.com/livros/1249983/O_RETRATO_DE_DORIAN_GRAY_15929461631249983SK1592946164B.jpg|o-retrato-de-dorian-gray-1249983ed11609564.html|1249983
0.0||429505|2014|328|Misery|Stephen King|Suma de Letras|want_to_read||https://skoob.s3.amazonaws.com/livros/4629/MISERY_17003400804629SK-V11700340084B.jpg|misery-4629ed429505.html|4629
0.0||442174|2014|1104|It: A Coisa|Stephen King|Suma de Letras|want_to_read||https://skoob.s3.amazonaws.com/livros/1649/A_COISA_1400263700B.jpg|it-a-coisa-1649ed442174.html|1649
3.5|100.0|122283447|2023|240|Ed & Lorraine Warren (Arquivos Sobrenaturais #4)|Lorraine Warren|DarkSide Books|read|2025-03-16T20:03:09.000Z|https://skoob.s3.amazonaws.com/livros/122278066/ED_E_LORRAINE_WARREN_LUZ_NAS__1678204931122278066SK-V11678204932B.jpg|ed-e-lorraine-warren-arquivos-sobrenaturais-4-122278066ed122283447.html|122278066
0.0||697307|2017|352|A longa viagem a um pequeno planeta hostil (Wayfarers #1)|Becky Chambers|DarkSide® Books|want_to_read||https://skoob.s3.amazonaws.com/livros/694178/A_LONGA_VIAGEM_A_UM_PEQUENO_PL_1500053692694178SK1500053692B.jpg|a-longa-viagem-a-um-pequeno-planeta-hostil-wayfarers-1-694178ed697307.html|694178
0.0||122322229|2023|352|Clássicos Japoneses Sobrenaturais|Richard Gordon Smith|DarkSide® Books|want_to_read||https://skoob.s3.amazonaws.com/livros/122317480/CLASSICOS_JAPONESES_SOBRENATUR_1683733555122317480SK-V11683733556B.jpg|classicos-japoneses-sobrenaturais-122317480ed122322229.html|122317480
0.0||1089071|2020|432|Medicina Macabra|Thomas Morris|DarkSide Books|want_to_read||https://skoob.s3.amazonaws.com/livros/1086173/MEDICINA_MACABRA_15797866351086173SK1579786635B.jpg|medicina-macabra-1086173ed1089071.html|1086173
4.5|100.0|12111283|2022|240|O Bebê de Rosemary|Ira Levin|Darkside|read|2025-05-15T01:05:10.000Z|https://skoob.s3.amazonaws.com/livros/12127400/O_BEBE_DE_ROSEMARY_167158658912127400SK-V11671586590B.jpg|o-bebe-de-rosemary-12127400ed12111283.html|12127400
4.5|100.0|12144946|2022|192|Saboroso cadáver|Agustina Bazterrica|DarkSide Books|read|2026-05-31T02:30:27.707Z|https://skoob.s3.amazonaws.com/livros/12162778/SABOROSO_CADAVER_175500705012162778SK-V11755007061B.jpg|saboroso-cadaver-12162778ed12144946.html|12162778
0.0||587564|2016|336|Os Condenados|Andrew Pyper|DarkSide® Books|want_to_read||https://skoob.s3.amazonaws.com/livros/585783/OS_CONDENADOS_1464115707585783SK1464115707B.jpg|os-condenados-585783ed587564.html|585783
4.5|100.0|762610|2018|343|O Colecionador|John Fowles|DarkSide Books|read|2025-10-21T13:44:56.376Z|https://skoob.s3.amazonaws.com/livros/1582/O_COLECIONADOR_15198537521582SK1519853752B.jpg|o-colecionador-1582ed762610.html|1582
4.5|100.0|962934|2019|336|O Exorcista|William Peter Blatty|HarperCollins Brasil|read|2025-10-12T03:10:30.150Z|https://skoob.s3.amazonaws.com/livros/1020/O_EXORCISTA_1700797649962026SK-V11700797650B.jpg|o-exorcista-1020ed962934.html|1020
0.0||702605|2017|490|Gênese (Will Trent #3)|Karin Slaughter|Record|want_to_read||https://skoob.s3.amazonaws.com/livros/699219/GENESE_1501615740699219SK1501615741B.jpg|genese-will-trent-3-699219ed702605.html|699219
0.0||1072092|2019|240|O Chamado de Cthulhu e Outros Contos|H. P. Lovecraft|Principis|want_to_read|2025-09-02T00:00:00.000Z|https://skoob.s3.amazonaws.com/livros/1069350/86fc6045d8c040034e4f635640f5735bB.jpg|o-chamado-de-cthulhu-e-outros-contos-1069350ed1072092.html|1069350
0.0||813491|2018|640|O Melhor Amigo do Homem (A Lenda de Ruff Ghanor #3)|Leonel Caldela|Nerdbooks|want_to_read||https://skoob.s3.amazonaws.com/livros/809154/O_MELHOR_AMIGO_DO_HOMEM_1559930711809154SK1559930712B.jpg|o-melhor-amigo-do-homem-a-lenda-de-ruff-ghanor-3-809154ed813491.html|809154
4.0|100.0|546046|2015|400|O Herdeiro do Leão (A Lenda de Ruff Ghanor #2)|Leonel Caldela|Nerdbooks|read|2025-12-27T03:50:35.018Z|https://skoob.s3.amazonaws.com/livros/536921/A_LENDA_DE_RUFF_GHANOR_1447702833536921SK1447702833B.jpg|o-herdeiro-do-leao-a-lenda-de-ruff-ghanor-2-536921ed546046.html|536921
0.0|100.0|382209|2013|320|Livrai-nos do Mal (Shaw  #2)|David Baldacci|Arqueiro|read||https://skoob.s3.amazonaws.com/livros/340771/LIVRAINOS_DO_MAL_1376942139B.jpg|livrai-nos-do-mal-shaw--2-340771ed382209.html|340771
0.0||551698|2016|272|O Regresso|Michael Punke|Intrínseca|want_to_read||https://skoob.s3.amazonaws.com/livros/542171/O_REGRESSO_1452889207542171SK1452889207B.jpg|o-regresso-542171ed551698.html|542171
0.0||665180|2017|464|Esposa Perfeita (Will Trent #8)|Karin Slaughter|HarperCollins Brasil|want_to_read||https://skoob.s3.amazonaws.com/livros/662933/ESPOSA_PERFEITA_1498672722662933SK1498672723B.jpg|esposa-perfeita-will-trent-8-662933ed665180.html|662933
0.0||696321|2017|400|Flores Partidas|Karin Slaughter|HarperCollins Brasil|want_to_read||https://skoob.s3.amazonaws.com/livros/577391/FLORES_PARTIDAS_1499712692577391SK1499712695B.jpg|flores-partidas-577391ed696321.html|577391
3.5|100.0|930630|2019|296|A Garota do Lago|Charlie Donlea|Faro Editorial|read|2025-06-14T18:06:10.000Z|https://skoob.s3.amazonaws.com/livros/924072/A_GAROTA_DO_LAGO_1563899223924072SK1563899223B.jpg|a-garota-do-lago-924072ed930630.html|924072
5.0|100.0|858755|2021|350|A paciente silenciosa|Alex Michaelides|Editora Record|read|2025-05-05T18:05:34.000Z|https://skoob.s3.amazonaws.com/livros/853010/A_PACIENTE_SILENCIOSA_1550411916853010SK1550411917B.jpg|a-paciente-silenciosa-853010ed858755.html|853010
4.0|100.0|11769686|2021|192|Arsène Lupin: O Ladrão de Casaca (Clássicos da Literatura Mundial)|Maurice Leblanc|Principis|read|2025-02-18T00:02:11.000Z|https://skoob.s3.amazonaws.com/livros/4912/ARSNE_LUPIN_O_LADRO_DE_CASACA_3740159046B.jpg|arsene-lupin-o-ladrao-de-casaca-classicos-da-literatura-mundial-4912ed11769686.html|4912
0.0||556435|2015|256|O Espadachim de Carvão|Affonso Solano|Leya|want_to_read||https://skoob.s3.amazonaws.com/livros/307603/O_ESPADACHIM_DE_CARVAO_1477453156307603SK1477453156B.jpg|o-espadachim-de-carvao-307603ed556435.html|307603
0.0||549902|2015|32|Crônicas do Espadachim de Carvão|Affonso Solano|Leya|want_to_read||https://skoob.s3.amazonaws.com/livros/540528/CRONICAS_DO_ESPADACHIM_DE_CARV_1449573396540528SK1449573396B.jpg|cronicas-do-espadachim-de-carvao-540528ed549902.html|540528
0.0||519709|2015|192|O Espadachim de Carvão e As Pontes de Puzur (O Espadachim de Carvão #2)|Affonso Solano|Leya|want_to_read||https://skoob.s3.amazonaws.com/livros/513195/O_ESPADACHIM_DE_CARVAO__E_AS_P_1436910588513195SK1436910588B.jpg|o-espadachim-de-carvao-e-as-pontes-de-puzur-o-espadachim-de-carvao-2-513195ed519709.html|513195
0.0||306|2003|304|Neuromancer (Trilogia do Sprawl #1)|William Gibson|Aleph|want_to_read||https://skoob.s3.amazonaws.com/livros/217/NEUROMANCER_1485380665217SK1485380665B.jpg|neuromancer-trilogia-do-sprawl-1-217ed306.html|217
0.0|100.0|41252|2000|133|A Ilha Perdida (Vaga-Lume #1)|Maria José Dupré|Ática|read||https://skoob.s3.amazonaws.com/livros/1534/A_ILHA_PERDIDA_1335615823B.jpg|a-ilha-perdida-vaga-lume-1-1534ed41252.html|1534
0.0|100.0|213626|2011|217|Diário de um Banana (Diário de um Banana #5)|Jeff Kinney|V&R Editoras|read||https://skoob.s3.amazonaws.com/livros/191206/DIARIO_DE_UM_BANANA_1676892041191206SK-V11676892043B.jpg|diario-de-um-banana-diario-de-um-banana-5-191206ed213626.html|191206
0.0|100.0|113087|2010|217|Diário de um Banana (Diário de um Banana #3)|Jeff Kinney|V&R Editoras|read||https://skoob.s3.amazonaws.com/livros/102089/DIARIO_DE_UM_BANANA_1272411733B.jpg|diario-de-um-banana-diario-de-um-banana-3-102089ed113087.html|102089
0.0|100.0|180627|2011|217|Diário de um Banana (Diário de um Banana #4)|Jeff Kinney|V&R Editoras|read||https://skoob.s3.amazonaws.com/livros/161867/DIARIO_DE_UM_BANANA_DIAS_DE_CAO_1300989947B.jpg|diario-de-um-banana-diario-de-um-banana-4-161867ed180627.html|161867
0.0|100.0|34050|2009|217|Diário de um Banana (Diário de um Banana #2)|Jeff Kinney|V&R Editoras|read||https://skoob.s3.amazonaws.com/livros/31257/DIARIO_DE_UM_BANANA_RODRICK_E_145944463131257SK1459444631B.jpg|diario-de-um-banana-diario-de-um-banana-2-31257ed34050.html|31257
0.0|100.0|3040|2008|217|Diário de um Banana (Diário de um Banana #1)|Jeff Kinney|V&R Editoras|read||https://skoob.s3.amazonaws.com/livros/2295/DIARIO_DE_UM_BANANA_14594450902295SK1459445090B.jpg|diario-de-um-banana-diario-de-um-banana-1-2295ed3040.html|2295
0.0|100.0|2594|1982|128|O escaravelho do diabo|Lúcia Machado de Almeida|Ática|read||https://skoob.s3.amazonaws.com/livros/1931/O_ESCARAVELHO_DO_DIABO_1245954045B.jpg|o-escaravelho-do-diabo-1931ed2594.html|1931
0.0|100.0|247|1997|216|Dom Casmurro (Série Bom Livro)|Machado de Assis|Ática|read||https://skoob.s3.amazonaws.com/livros/180/DOM_CASMURRO_1295291941B.jpg|dom-casmurro-serie-bom-livro-180ed247.html|180
0.0|100.0|238411|1999|207|O Cortiço|Aluísio Azevedo|Ática|read||https://skoob.s3.amazonaws.com/livros/975/O_CORTICO_1326303951B.jpg|o-cortico-975ed238411.html|975
5.0|100.0|627305|2016|240|Diário de uma Escrava|Rô Mierling|DarkSide® Books|read||https://skoob.s3.amazonaws.com/livros/626294/DIARIO_DE_UMA_ESCRAVA_1478885285626294SK1478885285B.jpg|diario-de-uma-escrava-626294ed627305.html|626294
4.5|100.0|573065|2016|272|Menina Má|William March|DarkSide® Books|read||https://skoob.s3.amazonaws.com/livros/572351/MENINA_MA_1458835413572351SK1458835413B.jpg|menina-ma-572351ed573065.html|572351
0.0|100.0|573063|2016|360|Evangelho de Sangue|Clive Barker|DarkSide® Books|read||https://skoob.s3.amazonaws.com/livros/572349/EVANGELHO_DE_SANGUE_1468531753572349SK1468531753B.jpg|evangelho-de-sangue-572349ed573063.html|572349
0.0|100.0|494730|2015|328|O Demonologista|Andrew Pyper|DarkSide® Books|read||https://skoob.s3.amazonaws.com/livros/436578/O_DEMONOLOGISTA_1471655684436578SK1471655684B.jpg|o-demonologista-436578ed494730.html|436578
4.5|100.0|474466|2014|320|Eu, robô|Isaac Asimov|Aleph|read||https://skoob.s3.amazonaws.com/livros/241/EUN_ROBO_1413819267B.jpg|eu-robo-241ed474466.html|241
0.0|100.0|409353|2014|208|O Código Bro |Matt Kuhn|Intrínseca|read||https://skoob.s3.amazonaws.com/livros/363601/O_CODIGO_BRO__1387474702B.jpg|o-codigo-bro-363601ed409353.html|363601
0.0|100.0|721225|2017|224|A Sutil Arte de Ligar o F*da-se|Mark Manson|Intrínseca|read||https://skoob.s3.amazonaws.com/livros/719432/b0a2bcac4eaaa4d57e7e747600d91b84B.jpg|a-sutil-arte-de-ligar-o-fda-se-719432ed721225.html|719432
0.0|100.0|571383|2016|352|O Quarto Dia|Sarah Lotz|Arqueiro|read||https://skoob.s3.amazonaws.com/livros/570727/O_QUARTO_DIA_1457547359570727SK1457547359B.jpg|o-quarto-dia-570727ed571383.html|570727
0.0|100.0|351576|2013|368|Você é o Próximo|Gregg Hurwitz|Arqueiro|read||https://skoob.s3.amazonaws.com/livros/313883/VOCE_E_O_PROXIMO_1369318839B.jpg|voce-e-o-proximo-313883ed351576.html|313883
0.0|100.0|514095|2015|256|O Poder da Ação|Paulo Vieira|Gente|read||https://skoob.s3.amazonaws.com/livros/453876/O_PODER_DA_ACAO_1433024940453876SK1433024940B.jpg|o-poder-da-acao-453876ed514095.html|453876
4.5|100.0|533701|2015|416|Elon Musk|Ashlee Vance|Intrínseca|read||https://skoob.s3.amazonaws.com/livros/525935/ELON_MUSK_1441736586525935SK1441736586B.jpg|elon-musk-525935ed533701.html|525935
4.5|100.0|761981|2018|288|A CAMINHO DE MARTE|Ivair Gontijo|Sextante|read||https://skoob.s3.amazonaws.com/livros/758426/A_CAMINHO_DE_MARTE_1519059937758426SK1519059937B.jpg|a-caminho-de-marte-758426ed761981.html|758426
0.0||888286|2019|256|Ed & Lorraine Warren (Arquivos Sobrenaturais #3)|Lorraine Warren|DarkSide Books|want_to_read||https://skoob.s3.amazonaws.com/livros/882005/ED_E_LORRAINE_WARREN_VIDAS_ET_1559145933882005SK1559145933B.jpg|ed-e-lorraine-warren-arquivos-sobrenaturais-3-882005ed888286.html|882005
5.0|100.0|813136|2016|335|Uni-Duni-Tê (Helen Grace #1)|M. J. Arlidge|Record|read||https://skoob.s3.amazonaws.com/livros/606216/UNIDUNITE_1536531572606216SK1536531573B.jpg|uni-duni-te-helen-grace-1-606216ed813136.html|606216
3.5|100.0|796110|2018|160|Sou Péssimo em Inglês|Carina Fragozo|HarperCollins Brasil|read||https://skoob.s3.amazonaws.com/livros/792824/SOU_PESSIMO_EM_INGLES_1539959777792824SK1539959777B.jpg|sou-pessimo-em-ingles-792824ed796110.html|792824
5.0|100.0|369393|2013|240|Psicose|Robert Bloch|DarkSide® Books|read||https://skoob.s3.amazonaws.com/livros/4496/PSICOSE_1373943361B.jpg|psicose-4496ed369393.html|4496
3.5|100.0|277068|2012|256|Private - Missão Jogos Olímpicos (Private #03)|James Patterson|Arqueiro|read||https://skoob.s3.amazonaws.com/livros/247454/PRIVATE__MISSAO_JOGOS_OLIMPICOS_1340289757B.jpg|private-missao-jogos-olimpicos-private-03-247454ed277068.html|247454
5.0|100.0|486100|2015|176|Playbook - O Manual da Conquista|Matt Kuhn|Intrínseca|read||https://skoob.s3.amazonaws.com/livros/429130/PLAYBOOK_O_MANUAL_DA_CONQUIST_1420147018429130SK1420147018B.jpg|playbook-o-manual-da-conquista-429130ed486100.html|429130
5.0|100.0|528736|2015|336|Perdido em Marte|Andy Weir|Arqueiro|read||https://skoob.s3.amazonaws.com/livros/406036/PERDIDO_EM_MARTE_1494700629406036SK1494700630B.jpg|perdido-em-marte-406036ed528736.html|406036
3.5|100.0|428|2004|221|O Pistoleiro (A Torre Negra #I)|Stephen King|Objetiva|read||https://skoob.s3.amazonaws.com/livros/318/O_PISTOLEIRO__A_TORRE_NEGRA_VOLI_1231101963B.jpg|o-pistoleiro-a-torre-negra-i-318ed428.html|318
4.5|100.0|338504|2013|283|Joyland|Stephen King|Hard Case Crime|read||https://skoob.s3.amazonaws.com/livros/302105/JOYLAND_1360529553B.jpg|joyland-302105ed338504.html|302105
4.5|100.0|375191|2013|200|Carrie, a estranha|Stephen King|Suma|read||https://skoob.s3.amazonaws.com/livros/1631/CARRIEN_A_ESTRANHA_16316624131631SK-V11631662440B.jpg|carrie-a-estranha-1631ed375191.html|1631
4.5|100.0|361465|2013|424|O cemitério|Stephen King|Suma de Letras|read||https://skoob.s3.amazonaws.com/livros/1072/O_CEMITERIO_16632130381072SK-V11663213040B.jpg|o-cemiterio-1072ed361465.html|1072
5.0|100.0|698320|2014|331|A Lenda de Ruff Ghanor|Leonel Caldela|Nerdbooks|read|2025-05-09T22:05:25.000Z|https://skoob.s3.amazonaws.com/livros/416203/A_LENDA_DE_RUFF_GHANOR_1500434967416203SK1500434968B.jpg|a-lenda-de-ruff-ghanor-416203ed698320.html|416203
4.5|100.0|867171|2019|176|Vidas secas|Graciliano Ramos|Editora Record|read|2025-12-27T14:16:18.242Z|https://skoob.s3.amazonaws.com/livros/770/VIDAS_SECAS_1613161623770SK-V11613161625B.jpg|vidas-secas-770ed867171.html|770
5.0|100.0|689104|2017|272|Ed & Lorraine Warren (Arquivos Sobrenaturais #2)|Lorraine Warren|DarkSide® Books|read||https://skoob.s3.amazonaws.com/livros/686520/ED_E_LORRAINE_WARREN_1724195131686520SK-V11724195133B.jpg|ed-e-lorraine-warren-arquivos-sobrenaturais-2-686520ed689104.html|686520
4.0|100.0|564881|2015|175|Felicidade (Sabedoria para Criar a Felicidade e a Paz #1)|Daisaku Ikeda|Brasil Seikyo|read||https://skoob.s3.amazonaws.com/livros/563000/FELICIDADE_1455290511563000SK1455290511B.jpg|felicidade-sabedoria-para-criar-a-felicidade-e-a-paz-1-563000ed564881.html|563000
4.5|100.0|861612|2019|128|Filosofia do Cotidiano|Luiz Felipe Pondé|Contexto|read||https://skoob.s3.amazonaws.com/livros/857110/FILOSOFIA_DO_COTIDIANO_1550685094857110SK1550685094B.jpg|filosofia-do-cotidiano-857110ed861612.html|857110
4.5|100.0|497594|2015|256|Tudo o que você precisa saber sobre Psicologia (Tudo que você precisa saber)|Paul Kleinman|Editora Gente|read||https://skoob.s3.amazonaws.com/livros/439140/TUDO_O_QUE_VOCE_PRECISA_SABER__1425523752439140SK1425523752B.jpg|tudo-o-que-voce-precisa-saber-sobre-psicologia-tudo-que-voce-precisa-saber-439140ed497594.html|439140
4.0|100.0|570348|2016|84|Esquerda e Direita: Perspectivas para a Liberdade|Murray Rothbard|Vide Editorial|read||https://skoob.s3.amazonaws.com/livros/236125/ESQUERDA_E_DIREITA_1457105384236125SK1457105384B.jpg|esquerda-e-direita-perspectivas-para-a-liberdade-236125ed570348.html|236125
4.5|100.0|11961580|2015|128|Animal Farm (Penguin Modern Classics)|George Orwell|Penguin Classics|read||https://skoob.s3.amazonaws.com/livros/11969721/ANIMAL_FARM_162783554211969721SK-V11627835544B.jpg|animal-farm-penguin-modern-classics-11969721ed11961580.html|11969721
4.0|100.0|1552|2007|112|O Alienista (Clássicos Saraiva)|Stephenie Meyer|Saraiva|read||https://skoob.s3.amazonaws.com/livros/1142/O_ALIENISTA_1230848161B.jpg|o-alienista-classicos-saraiva-1142ed1552.html|1142
5.0|100.0|31020|2007|160|O Nevoeiro|Stephen King|Signet|read||https://skoob.s3.amazonaws.com/livros/28535/O_NEVOEIRO_142231989328535SK1422319893B.jpg|o-nevoeiro-28535ed31020.html|28535
5.0|100.0|696693|2017|520|O iluminado (Biblioteca Stephen King)|Stephen King|Suma|read||https://skoob.s3.amazonaws.com/livros/19733/O_ILUMINADO_166321491119733SK-V11663214915B.jpg|o-iluminado-biblioteca-stephen-king-19733ed696693.html|19733
4.5|100.0|866313|2019|304|Artemis|Andy Weir|Arqueiro|read||https://skoob.s3.amazonaws.com/livros/861539/ARTEMIS_1552424655861539SK1552424656B.jpg|artemis-861539ed866313.html|861539
3.5|100.0|787343|2018|190|Uma casa no fundo de um lago|Josh Malerman|Intrínseca|read||https://skoob.s3.amazonaws.com/livros/781967/UMA_CASA_NO_FUNDO_DE_UM_LAGO_1527909100781967SK1527909101B.jpg|uma-casa-no-fundo-de-um-lago-781967ed787343.html|781967
4.5|100.0|558907|2016|59|O Mercador de Sonhos (Livro das Sombras #8)|M M Schweitzer|Smashwords|read||https://skoob.s3.amazonaws.com/livros/548761/O_MERCADOR_DE_SONHOS_1453304661548761SK1453304661B.jpg|o-mercador-de-sonhos-livro-das-sombras-8-548761ed558907.html|548761
4.0|100.0|873814|2019|480|Memórias póstumas de Brás Cubas|Machado de Assis|Antofágica|read||https://skoob.s3.amazonaws.com/livros/797/MEMORIAS_POSTUMAS_DE_BRAS_CUBA_1591229382797SK1591229389B.jpg|memorias-postumas-de-bras-cubas-797ed873814.html|797
5.0|100.0|11663995|2020|272|Respostas de Um Astrofísico|Neil deGrasse Tyson|Record|read||https://skoob.s3.amazonaws.com/livros/11646629/RESPOSTAS_DE_UM_ASTROFISICO_160338476711646629SK1603384768B.jpg|respostas-de-um-astrofisico-11646629ed11663995.html|11646629
4.5|100.0|11626490|2020|296|Malorie: A Bird Box Novel (English Edition)| Josh Malerman|Del Rey|read||https://skoob.s3.amazonaws.com/livros/1267716/c42d8793b2e1ebc31aaf82c657bf8370B.jpg|malorie-a-bird-box-novel-english-edition-1267716ed11626490.html|1267716
5.0|100.0|460291|2014|272|Bird Box|Josh Malerman|Ecco|read||https://skoob.s3.amazonaws.com/livros/405737/BIRD_BOX_1407291613B.jpg|bird-box-405737ed460291.html|405737
4.0|100.0|470347|2014|216|De zero a um:|Peter Thiel, Blake Masters|Objetiva|read||https://skoob.s3.amazonaws.com/livros/414212/DE_ZERO_A_UM_1411856800B.jpg|de-zero-a-um-414212ed470347.html|414212
4.0|100.0|5307|2010|448|Viagens de Gulliver|Jonathan Swift|Penguin Companhia|read||https://skoob.s3.amazonaws.com/livros/4253/VIAGENS_DE_GULLIVER_1337441875B.jpg|viagens-de-gulliver-4253ed5307.html|4253
4.5|100.0|2134|1965|239|Moby Dick|Herman Melville|Ediouro|read||https://skoob.s3.amazonaws.com/livros/1588/MOBY_DICK_15621828631588SK1562182864B.jpg|moby-dick-1588ed2134.html|1588
4.5|100.0|556462|2016|224|O universo numa casca de noz|Stephen Hawking|Intrínseca|read||https://skoob.s3.amazonaws.com/livros/373/O_UNIVERSO_NUMA_CASCA_DE_NOZ_1452532755373SK1452532755B.jpg|o-universo-numa-casca-de-noz-373ed556462.html|373
4.5|100.0|547283|2015|420|Ozob - Vol.1: Protocolo Molotov|Leonel Caldela|Nerdbooks|read||https://skoob.s3.amazonaws.com/livros/538078/OZOB__VOL1_PROTOCOLO_MOLOTO_1449185683538078SK1449185683B.jpg|ozob-vol1-protocolo-molotov-538078ed547283.html|538078
5.0|100.0|11992194|2021|350|Ao meu redor|André Vianco|Storytel|read||https://skoob.s3.amazonaws.com/livros/12002253/AO_MEU_REDOR_166934623512002253SK-V11669346236B.jpg|ao-meu-redor-12002253ed11992194.html|12002253
4.5|100.0|284|2000|379|Os Sete (Os Sete #1)|André Vianco|Novo Século|read||https://skoob.s3.amazonaws.com/livros/195/OS_SETE_1344106932B.jpg|os-sete-os-sete-1-195ed284.html|195
4.5|100.0|12216550|2022|248|Contos de Horror da Mimi|Junji Ito|DarkSide Books|read||https://skoob.s3.amazonaws.com/livros/12235138/CONTOS_DE_HORROR_DA_MIMI_166300114212235138SK-V11663001143B.jpg|contos-de-horror-da-mimi-12235138ed12216550.html|12235138
5.0|100.0|494041|2015|392|Escuridão Total Sem Estrelas|Stephen King|Suma de Letras|read||https://skoob.s3.amazonaws.com/livros/137226/ESCURIDAO_TOTAL_SEM_ESTRELAS_1663212656137226SK-V11663212657B.jpg|escuridao-total-sem-estrelas-137226ed494041.html|137226
4.5|100.0|375141|2013|206|Economia Numa Única Lição|Henry Hazlitt|Instituto Ludwig von Mises Brasil|read||https://skoob.s3.amazonaws.com/livros/136273/ECONOMIA_NUMA_NICA_LICAO_1374066665B.jpg|economia-numa-unica-licao-136273ed375141.html|136273
4.5|100.0|196302|1997|98|A metamorfose|Franz Kafka|Companhia das Letras|read||https://skoob.s3.amazonaws.com/livros/346/A_METAMORFOSE_1750960639346SK-V11750960645B.jpg|a-metamorfose-346ed196302.html|346
4.0|100.0|612168|2016|272|Ed & Lorraine Warren (Arquivos Sobrenaturais #1)|Ed Warren|DarkSide® Books|read|2024-12-19T13:12:35.000Z|https://skoob.s3.amazonaws.com/livros/369593/ED_E_LORRAINE_WARREN_DEMONOLO_1473797531369593SK1473797531B.jpg|ed-e-lorraine-warren-arquivos-sobrenaturais-1-369593ed612168.html|369593
5.0|100.0|722716|2018|368|HEX|Thomas Olde Heuvelt|DarkSide® Books|read|2024-12-05T17:12:05.000Z|https://skoob.s3.amazonaws.com/livros/720864/HEX_1754693359720864SK-V11754693361B.jpg|hex-720864ed722716.html|720864
0.0||337520|2013|448|Garota exemplar|Gillian Flynn|Intrínseca|want_to_read||https://skoob.s3.amazonaws.com/livros/301237/GAROTA_EXEMPLAR_1360264778B.jpg|garota-exemplar-301237ed337520.html|301237
0.0||281802|2012|960|Sob a redoma|Stephen King|Suma de Letras|want_to_read||https://skoob.s3.amazonaws.com/livros/251703/SOB_A_REDOMA_1736445446251703SK-V11736445448B.jpg|sob-a-redoma-251703ed281802.html|251703
0.0||11963581|2021|308|A biblioteca da meia-noite|Matt Haig|Bertrand Brasil|want_to_read||https://skoob.s3.amazonaws.com/livros/11927296/A_BIBLIOTECA_DA_MEIANOITE_167245772611927296SK-V11672457729B.jpg|a-biblioteca-da-meia-noite-11927296ed11963581.html|11927296
0.0|100.0|353179|2010|476|Cidade dos Ossos (Os Instrumentos Mortais #1)|Cassandra Clare|Galera Record|read||https://skoob.s3.amazonaws.com/livros/53780/CIDADE_DOS_OSSOS_144747181753780SK1447471817B.jpg|cidade-dos-ossos-os-instrumentos-mortais-1-53780ed353179.html|53780
0.0|100.0|3967|2007|150|A revolução dos bichos|George Orwell|Companhia das Letras|read||https://skoob.s3.amazonaws.com/livros/3074/A_REVOLUCAO_DOS_BICHOS_1270681889B.jpg|a-revolucao-dos-bichos-3074ed3967.html|3074
0.0|100.0|56597|2015|96|O Pequeno Príncipe|Antoine de Saint-Exupéry|Agir|read||https://skoob.s3.amazonaws.com/livros/693/O_PEQUENO_PRINCIPE_1441584936693SK1441584936B.jpg|o-pequeno-principe-693ed56597.html|693
